     3.05           N: GNSS NAV DATA    G: GPS              RINEX VERSION / TYPE
BNC 2.13.0          BKG Frankfurt       20250102 091949 UTC PGM / RUN BY / DATE
Concatenated RINEX files (6)                                COMMENT
GPS-only subset of BKG BRDC00WRD_R_20250010000_01D_MN.rnx   COMMENT
                                                            END OF HEADER
G01 2025 01 01 00 00 00 8.645467460160e-06 3.649347490860e-11 0.000000000000e+00
     3.900000000000e+01 9.565625000000e+01 4.723053877010e-09 3.125812576130e+00
     5.071982741360e-06 2.085076412190e-04 1.234933733940e-06 5.153755249020e+03
     2.592000000000e+05 7.636845111850e-08-1.782896012340e+00 8.195638656620e-08
     9.596454288100e-01 3.528437500000e+02-1.317975728420e+00-8.442851678660e-09
     1.582208762490e-10 1.000000000000e+00 2.347000000000e+03 0.000000000000e+00
     2.000000000000e+00 6.300000000000e+01-1.396983861920e-09 3.900000000000e+01
     2.520180000000e+05 4.000000000000e+00                                      
G30 2025 01 01 00 00 00-2.491222694520e-04 8.299139153680e-12 0.000000000000e+00
     8.200000000000e+01 1.775000000000e+01 5.366294956300e-09-3.855223771830e-02
     1.015141606330e-06 7.235151133500e-03 6.470829248430e-06 5.153745670320e+03
     2.592000000000e+05 2.980232238770e-08 1.276477760320e+00 1.396983861920e-07
     9.351376230470e-01 2.415000000000e+02-2.455183378920e+00-8.421065056880e-09
     5.853815263470e-10 1.000000000000e+00 2.347000000000e+03 0.000000000000e+00
     2.000000000000e+00 0.000000000000e+00 3.725290298460e-09 8.200000000000e+01
     2.586120000000e+05 4.000000000000e+00                                      
G04 2025 01 01 00 00 00 5.048876628280e-04 6.025402399250e-12 0.000000000000e+00
     1.100000000000e+01-8.875000000000e+01 3.971594004260e-09 2.577576186140e+00
    -4.645437002180e-06 3.232937888240e-03 1.130253076550e-05 5.153684814450e+03
     2.592000000000e+05-2.607703208920e-08 2.677747181430e-01-1.862645149230e-08
     9.669823462620e-01 1.658750000000e+02-2.967111461720e+00-7.601030899160e-09
     2.600108304950e-10 1.000000000000e+00 2.347000000000e+03 0.000000000000e+00
     2.000000000000e+00 0.000000000000e+00-4.656612873080e-09 7.790000000000e+02
     2.520180000000e+05 4.000000000000e+00                                      
G08 2025 01 01 00 00 00 4.512676969170e-04 8.299139153680e-12 0.000000000000e+00
     4.800000000000e+01 9.093750000000e+01 4.455542734100e-09 2.897422643840e+00
     4.755333065990e-06 1.026379561520e-02 1.137889921670e-05 5.153737533570e+03
     2.592000000000e+05-1.247972249980e-07-2.947956585860e+00-7.264316082000e-08
     9.502542627730e-01 1.549375000000e+02 3.961531102810e-01-7.660319083040e-09
    -2.607251459630e-10 1.000000000000e+00 2.347000000000e+03 0.000000000000e+00
     2.000000000000e+00 0.000000000000e+00 4.656612873080e-09 4.800000000000e+01
     2.520180000000e+05 4.000000000000e+00                                      
G14 2025 01 01 00 00 00 5.713035352530e-04 7.389644451910e-12 0.000000000000e+00
     7.500000000000e+01-1.575000000000e+01 5.148428738440e-09-7.315325761370e-01
    -8.028000593190e-07 5.132823833260e-03 6.962567567830e-06 5.153694641110e+03
     2.592000000000e+05 1.210719347000e-07 2.347874974550e+00 3.166496753690e-08
     9.441945342470e-01 2.349062500000e+02-2.863993412110e+00-8.167125907860e-09
    -4.528760069610e-10 1.000000000000e+00 2.347000000000e+03 0.000000000000e+00
     2.000000000000e+00 0.000000000000e+00-7.916241884230e-09 3.310000000000e+02
     2.554080000000e+05 4.000000000000e+00                                      
G02 2025 01 01 00 00 00-2.787136472760e-04 8.981260180010e-12 0.000000000000e+00
     6.000000000000e+01 1.311562500000e+02 4.450542525820e-09 3.025440726570e+00
     6.888061761860e-06 1.654516137210e-02 2.384185791020e-06 5.153686464310e+03
     2.592000000000e+05 2.030283212660e-07-1.947697258140e+00 3.352761268620e-07
     9.663872750750e-01 3.332812500000e+02-1.064131669630e+00-8.021762710040e-09
     1.942938074030e-10 1.000000000000e+00 2.347000000000e+03 0.000000000000e+00
     2.000000000000e+00 0.000000000000e+00-1.769512891770e-08 6.000000000000e+01
     2.520180000000e+05 4.000000000000e+00                                      
G27 2025 01 01 00 00 00-3.361096605660e-05 4.547473508860e-13 0.000000000000e+00
     5.300000000000e+01 9.084375000000e+01 4.222675891400e-09 2.983136229790e+00
     4.582107067110e-06 1.311095128770e-02 1.166202127930e-05 5.153690780640e+03
     2.592000000000e+05-1.676380634310e-08-2.919626303890e+00-1.750886440280e-07
     9.593120692780e-01 1.531562500000e+02 8.048956868620e-01-7.507812730540e-09
    -2.417957860510e-10 1.000000000000e+00 2.347000000000e+03 0.000000000000e+00
     2.000000000000e+00 0.000000000000e+00 1.862645149230e-09 5.300000000000e+01
     2.520180000000e+05 4.000000000000e+00                                      
G09 2025 01 01 00 00 00 5.105314776300e-04 1.546140993010e-11 0.000000000000e+00
     8.400000000000e+01-9.487500000000e+01 4.083384375060e-09-2.814945721720e+00
    -4.915520548820e-06 3.196446457880e-03 1.123175024990e-05 5.153796390530e+03
     2.592000000000e+05 4.656612873080e-08 2.066177116460e-01-3.352761268620e-08
     9.607909112210e-01 1.642500000000e+02 2.032246096510e+00-7.617102997200e-09
     1.939366496680e-10 1.000000000000e+00 2.347000000000e+03 0.000000000000e+00
     2.000000000000e+00 0.000000000000e+00 9.313225746150e-10 8.400000000000e+01
     2.536980000000e+05 4.000000000000e+00                                      
G03 2025 01 01 00 00 00 6.369063630700e-04 7.958078640510e-12 0.000000000000e+00
     1.850000000000e+02-1.055000000000e+02 4.020167456110e-09-4.081896388970e-01
    -5.537644028660e-06 5.665512988340e-03 2.274289727210e-06 5.153606161120e+03
     2.592000000000e+05-4.284083843230e-08-8.082124410640e-01 5.029141902920e-08
     9.876438521990e-01 3.478750000000e+02 1.146330654870e+00-8.138553289130e-09
    -3.375140588150e-10 1.000000000000e+00 2.347000000000e+03 0.000000000000e+00
     2.800000000000e+00 0.000000000000e+00 1.396983861920e-09 1.850000000000e+02
     2.520180000000e+05 4.000000000000e+00                                      
G21 2025 01 01 00 00 00 9.943731129170e-05 1.818989403550e-12 0.000000000000e+00
     1.900000000000e+01 1.407500000000e+02 4.518759653050e-09 2.727249058150e+00
     7.309019565580e-06 2.585684589580e-02 2.697110176090e-06 5.153630971910e+03
     2.592000000000e+05-1.955777406690e-07-1.956193135870e+00 5.662441253660e-07
     9.606311737330e-01 3.254062500000e+02-4.685523642640e-01-8.008190716140e-09
     1.635782422620e-10 1.000000000000e+00 2.347000000000e+03 0.000000000000e+00
     2.000000000000e+00 0.000000000000e+00-1.024454832080e-08 1.900000000000e+01
     2.520660000000e+05 4.000000000000e+00                                      
G10 2025 01 01 00 00 00-2.576895058155e-04-1.591615728103e-11 0.000000000000e+00
     2.400000000000e+01-1.037812500000e+02 3.943021385525e-09-1.427890150179e+00
    -5.420297384262e-06 1.011623849627e-02 1.708045601845e-06 5.153684322357e+03
     2.592000000000e+05 3.091990947723e-07-8.107372957654e-01-4.656612873077e-08
     9.872672327173e-01 3.597812500000e+02-2.334830924017e+00-7.941402219850e-09
    -3.303709041314e-10 1.000000000000e+00 2.347000000000e+03 0.000000000000e+00
     2.000000000000e+00 0.000000000000e+00 2.328306000000e-09 2.400000000000e+01
     2.532900000000e+05 4.000000000000e+00                                      
G17 2025 01 01 00 00 00 4.946994595230e-04-1.682565198280e-11 0.000000000000e+00
     4.400000000000e+01 1.189687500000e+02 4.094456264824e-09 2.869449417755e+00
     6.290152668953e-06 1.339126192033e-02 1.039355993271e-05 5.153608425140e+03
     2.592000000000e+05 2.756714820862e-07-2.849899103428e+00 6.891787052155e-08
     9.660414748879e-01 1.783125000000e+02-1.246715259609e+00-7.468882537509e-09
    -2.614394614315e-10 1.000000000000e+00 2.347000000000e+03 0.000000000000e+00
     2.000000000000e+00 0.000000000000e+00-1.071021000000e-08 4.400000000000e+01
     2.551500000000e+05 4.000000000000e+00                                      
G22 2025 01 01 00 00 00-8.979439735413e-05-2.160049916711e-12 0.000000000000e+00
     8.400000000000e+01-7.406250000000e+00 4.638050336270e-09-2.900736475135e+00
    -3.222376108170e-07 1.351015409455e-02 7.560476660728e-06 5.153669773102e+03
     2.592000000000e+05 7.078051567078e-08 2.416641394791e+00 2.086162567139e-07
     9.596573837763e-01 2.286562500000e+02-1.074402368348e+00-7.643889827265e-09
    -4.828772566331e-10 1.000000000000e+00 2.347000000000e+03 0.000000000000e+00
     2.000000000000e+00 6.300000000000e+01-1.117587000000e-08 8.400000000000e+01
     2.525700000000e+05 4.000000000000e+00                                      
G23 2025 01 01 00 00 00 3.948779776692e-04 7.617018127348e-12 0.000000000000e+00
     1.400000000000e+02-1.031562500000e+02 4.183031382905e-09-2.526688937708e-01
    -5.530193448067e-06 4.990424262360e-03 1.305714249611e-06 5.153630506516e+03
     2.592000000000e+05 8.940696716309e-08-8.407871296788e-01 1.061707735062e-07
     9.823572597858e-01 3.666875000000e+02-2.867119924059e+00-8.248557871259e-09
    -3.882304570711e-10 1.000000000000e+00 2.347000000000e+03 0.000000000000e+00
     2.000000000000e+00 0.000000000000e+00-8.381903000000e-09 9.080000000000e+02
     2.532900000000e+05 4.000000000000e+00                                      
G24 2025 01 01 00 00 00-4.684887826443e-04 3.637978807092e-12 0.000000000000e+00
     5.600000000000e+01 8.156250000000e+00 5.335579391155e-09 1.017924496550e+00
     4.060566425323e-07 1.641510264017e-02 7.657334208488e-06 5.153683950424e+03
     2.592000000000e+05-1.974403858185e-07 1.178216120356e+00 9.126961231232e-08
     9.338082942580e-01 2.203750000000e+02 1.043017921586e+00-8.492496603714e-09
     4.996636701403e-10 1.000000000000e+00 2.347000000000e+03 0.000000000000e+00
     2.000000000000e+00 0.000000000000e+00 2.328306000000e-09 5.600000000000e+01
     2.520000000000e+05 4.000000000000e+00                                      
G28 2025 01 01 00 00 00-5.236179567873e-04-1.011812855722e-11 0.000000000000e+00
     1.790000000000e+02 1.046875000000e+01 4.576619205989e-09-1.094584689617e+00
     6.724148988724e-07 4.467550897971e-04 7.236376404762e-06 5.153783945084e+03
     2.592000000000e+05 2.607703208923e-08 1.248563080212e+00-3.911554813385e-08
     9.610387895231e-01 2.387500000000e+02 1.421944461969e+00-7.897114660810e-09
     6.271689812483e-10 1.000000000000e+00 2.347000000000e+03 0.000000000000e+00
     2.000000000000e+00 0.000000000000e+00-9.313226000000e-09 6.910000000000e+02
     2.562300000000e+05 4.000000000000e+00                                      
G31 2025 01 01 00 00 00-2.188463695347e-04 7.958078640513e-13 0.000000000000e+00
     5.900000000000e+01 1.600000000000e+01 4.848059083978e-09-9.141349748538e-01
     1.158565282822e-06 1.070410793182e-02 6.498768925667e-06 5.153600698471e+03
     2.592000000000e+05 1.434236764908e-07 1.301579469861e+00 1.229345798492e-07
     9.538621186545e-01 2.463750000000e+02 7.911230094946e-01-8.131052976708e-09
     6.003821511836e-10 1.000000000000e+00 2.347000000000e+03 0.000000000000e+00
     2.000000000000e+00 0.000000000000e+00-1.350418000000e-08 5.900000000000e+01
     2.582400000000e+05 4.000000000000e+00                                      
G32 2025 01 01 00 00 00-5.496479570866e-04 6.593836587854e-12 0.000000000000e+00
     8.900000000000e+01-1.113437500000e+02 3.899448141953e-09-2.712625079494e+00
    -5.681067705154e-06 8.254032931291e-03 1.052767038345e-05 5.153777118683e+03
     2.592000000000e+05 3.725290298462e-08 2.220904153915e-01-5.774199962616e-08
     9.640797017436e-01 1.775625000000e+02-2.114340965874e+00-7.436738341431e-09
     3.075128091428e-10 1.000000000000e+00 2.347000000000e+03 0.000000000000e+00
     2.000000000000e+00 0.000000000000e+00 9.313226000000e-10 8.900000000000e+01
     2.589900000000e+05 4.000000000000e+00                                      
G16 2025 01 01 00 00 00-8.912291377783e-05 9.436007530894e-12 0.000000000000e+00
     3.800000000000e+01-2.206250000000e+01 4.754840915352e-09-2.375619771836e+00
    -1.469627022743e-06 1.445724070072e-02 7.225200533867e-06 5.153664827347e+03
     2.592000000000e+05 2.030283212662e-07 2.413339044481e+00-1.303851604462e-07
     9.602930348480e-01 2.362500000000e+02 8.646671899792e-01-7.818897117021e-09
    -3.557291032593e-10 1.000000000000e+00 2.347000000000e+03 0.000000000000e+00
     2.000000000000e+00 0.000000000000e+00-1.071020960808e-08 3.800000000000e+01
     2.520180000000e+05 4.000000000000e+00                                      
G18 2025 01 01 00 00 00-6.592473946512e-04 9.094947017729e-13 0.000000000000e+00
     1.370000000000e+02 1.216562500000e+02 4.379110978978e-09 8.649843579333e-01
     6.353482604027e-06 4.796865396202e-03 1.981854438782e-06 5.153719200134e+03
     2.592000000000e+05 1.490116119385e-08-1.843470103038e+00-3.166496753693e-08
     9.740030466564e-01 3.442187500000e+02-2.934784541693e+00-8.319275102629e-09
     1.214336296267e-10 1.000000000000e+00 2.347000000000e+03 0.000000000000e+00
     2.000000000000e+00 0.000000000000e+00-8.381903171539e-09 6.490000000000e+02
     2.520180000000e+05 4.000000000000e+00                                      
G15 2025 01 01 00 00 00 2.462929114700e-04 4.547473508860e-12 0.000000000000e+00
     6.100000000000e+01-1.405937500000e+02 4.540546274830e-09 1.887936996090e+00
    -7.461756467820e-06 1.611357927320e-02 1.001916825770e-05 5.153752454760e+03
     2.592000000000e+05 9.313225746150e-08 7.321790732830e-02-3.762543201450e-07
     9.380329983250e-01 1.755312500000e+02 1.386528151540e+00-7.899971922680e-09
     1.514348792990e-10 1.000000000000e+00 2.347000000000e+03 0.000000000000e+00
     2.000000000000e+00 0.000000000000e+00-1.024454832080e-08 6.100000000000e+01
     2.520180000000e+05 4.000000000000e+00                                      
G12 2025 01 01 00 00 00-5.617830902340e-04-2.273736754430e-12 0.000000000000e+00
     9.100000000000e+01-8.156250000000e+00 4.858773816000e-09-5.950120969160e-01
    -4.470348358150e-07 8.981674211100e-03 7.523223757740e-06 5.153759115220e+03
     2.592000000000e+05-7.078051567080e-08 2.395749041840e+00 7.450580596920e-08
     9.609151041880e-01 2.419375000000e+02 1.463789084600e+00-8.081765209390e-09
    -4.393040130610e-10 1.000000000000e+00 2.347000000000e+03 0.000000000000e+00
     2.000000000000e+00 0.000000000000e+00-1.257285475730e-08 9.100000000000e+01
     2.520180000000e+05 4.000000000000e+00                                      
G20 2025 01 01 00 00 00 3.674323670570e-04-3.410605131650e-13 0.000000000000e+00
     6.700000000000e+01-8.337500000000e+01 4.766984278320e-09 1.247704831530e+00
    -4.261732101440e-06 3.834095550700e-03 4.693865776060e-07 5.153670383450e+03
     2.592000000000e+05-8.940696716310e-08-9.950662172330e-01 3.725290298460e-08
     9.566383641250e-01 3.714375000000e+02-2.377137013920e+00-8.545713106110e-09
    -3.360854278790e-10 1.000000000000e+00 2.347000000000e+03 0.000000000000e+00
     2.000000000000e+00 0.000000000000e+00-8.381903171540e-09 6.700000000000e+01
     2.520180000000e+05 4.000000000000e+00                                      
G05 2025 01 01 00 00 00-1.976895146070e-04-1.136868377220e-12 0.000000000000e+00
     1.020000000000e+02-1.108437500000e+02 4.332680473530e-09-3.050527294910e+00
    -5.662441253660e-06 5.602475488560e-03 1.037493348120e-06 5.153727087020e+03
     2.592000000000e+05 5.587935447690e-08-8.624011679100e-01 1.862645149230e-08
     9.744682589940e-01 3.678750000000e+02 1.330100841110e+00-8.171411800670e-09
    -3.207276453080e-10 1.000000000000e+00 2.347000000000e+03 0.000000000000e+00
     2.000000000000e+00 0.000000000000e+00-1.071020960810e-08 1.020000000000e+02
     2.520180000000e+05 4.000000000000e+00                                      
G11 2025 01 01 00 00 00-7.525486871600e-04 4.547473508860e-13 0.000000000000e+00
     1.660000000000e+02 1.095937500000e+02 4.529117227340e-09 2.001026074430e+00
     5.630776286130e-06 1.752491807570e-03 1.179054379460e-06 5.153594171520e+03
     2.592000000000e+05-5.215406417850e-08-1.816232593080e+00-5.401670932770e-08
     9.657799022090e-01 3.609062500000e+02-2.347545978910e+00-8.345347617230e-09
     1.782217093640e-10 1.000000000000e+00 2.347000000000e+03 0.000000000000e+00
     2.000000000000e+00 0.000000000000e+00-8.847564458850e-09 1.660000000000e+02
     2.520180000000e+05 4.000000000000e+00                                      
G13 2025 01 01 00 00 00 6.919675506650e-04 1.250555214940e-12 0.000000000000e+00
     1.240000000000e+02-9.396875000000e+01 3.766585464830e-09 2.615520189340e+00
    -4.816800355910e-06 8.808340877290e-03 1.185387372970e-05 5.153690639500e+03
     2.592000000000e+05 3.539025783540e-08 3.756932383430e-01-8.381903171540e-08
     9.731608871430e-01 1.553750000000e+02 9.701682073310e-01-7.377092999820e-09
     4.557332688340e-10 1.000000000000e+00 2.347000000000e+03 0.000000000000e+00
     2.000000000000e+00 0.000000000000e+00-1.117587089540e-08 1.240000000000e+02
     2.520180000000e+05 4.000000000000e+00                                      
G19 2025 01 01 00 00 00 5.807345733050e-04 4.661160346590e-12 0.000000000000e+00
     1.300000000000e+01 1.175000000000e+02 4.169459389010e-09-1.543129220700e+00
     6.053596735000e-06 1.001653401180e-02 1.062452793120e-05 5.153606792450e+03
     2.592000000000e+05-8.754432201390e-08-2.805720842660e+00-2.011656761170e-07
     9.652445283200e-01 1.801875000000e+02 2.699645785030e+00-7.762823352750e-09
    -9.178953768840e-11 1.000000000000e+00 2.347000000000e+03 0.000000000000e+00
     2.000000000000e+00 0.000000000000e+00-1.536682248120e-08 1.300000000000e+01
     2.591580000000e+05 4.000000000000e+00                                      
G06 2025 01 01 00 00 00-8.599506691098e-05-2.762590156635e-11 0.000000000000e+00
     7.600000000000e+01 1.076562500000e+02 4.019453140643e-09 9.589987210032e-01
     5.470588803291e-06 3.430919838138e-03 1.508742570877e-06 5.153759620667e+03
     2.592000000000e+05 8.009374141693e-08-1.844445870860e+00-8.009374141693e-08
     9.891093025898e-01 3.631875000000e+02-7.320608899831e-01-8.073907739237e-09
     1.582208762489e-10 1.000000000000e+00 2.347000000000e+03 0.000000000000e+00
     2.000000000000e+00 0.000000000000e+00 3.725290298462e-09 7.600000000000e+01
     2.520180000000e+05 4.000000000000e+00                                      
G07 2025 01 01 00 00 00-1.412304118276e-05 6.821210263297e-13 0.000000000000e+00
     1.140000000000e+02 1.987500000000e+01 5.087354765889e-09 1.359704746875e-01
     1.152977347374e-06 1.889379811473e-02 6.778165698051e-06 5.153751859665e+03
     2.592000000000e+05-2.235174179077e-07 1.279142209590e+00 3.017485141754e-07
     9.499643650746e-01 2.471250000000e+02-2.086322459545e+00-8.439994416788e-09
     5.368080744967e-10 1.000000000000e+00 2.347000000000e+03 0.000000000000e+00
     2.800000000000e+00 0.000000000000e+00-1.071020960808e-08 1.140000000000e+02
     2.521260000000e+05 4.000000000000e+00                                      
G07 2025 01 01 01 59 44-1.411652192470e-05 6.821210263300e-13 0.000000000000e+00
     1.600000000000e+01 1.418750000000e+01 5.024137846940e-09 1.183698528740e+00
     7.543712854390e-07 1.889544317960e-02 7.590278983120e-06 5.153756048200e+03
     2.663840000000e+05-3.706663846970e-07 1.279082199230e+00 5.215406417850e-08
     9.499675249780e-01 2.332500000000e+02-2.086248683120e+00-8.387849387600e-09
     4.210889686170e-10 1.000000000000e+00 2.347000000000e+03 0.000000000000e+00
     2.000000000000e+00 0.000000000000e+00-1.071020960810e-08 1.600000000000e+01
     2.592180000000e+05 4.000000000000e+00                                      
G21 2025 01 01 01 59 44 9.944848716260e-05 1.818989403550e-12 0.000000000000e+00
     7.500000000000e+01 1.492187500000e+02 4.394825919280e-09-2.508072007540e+00
     7.960945367810e-06 2.585875219670e-02 3.676861524580e-06 5.153627443310e+03
     2.663840000000e+05-4.116445779800e-07-1.956250539310e+00 3.017485141750e-07
     9.606332832610e-01 3.148125000000e+02-4.685425905080e-01-7.903900657760e-09
     2.714398779890e-10 1.000000000000e+00 2.347000000000e+03 0.000000000000e+00
     2.000000000000e+00 0.000000000000e+00-1.024454832080e-08 7.500000000000e+01
     2.607060000000e+05 4.000000000000e+00                                      
G27 2025 01 01 01 59 44-3.360770642760e-05 4.547473508860e-13 0.000000000000e+00
     4.200000000000e+01 9.021875000000e+01 4.217675683120e-09-2.252228881440e+00
     4.407018423080e-06 1.311120716850e-02 1.145713031290e-05 5.153690191270e+03
     2.663840000000e+05 1.043081283570e-07-2.919680902920e+00-1.285225152970e-07
     9.593105259000e-01 1.554687500000e+02 8.049104418540e-01-7.552814605040e-09
    -1.539349834390e-10 1.000000000000e+00 2.347000000000e+03 0.000000000000e+00
     2.000000000000e+00 0.000000000000e+00 1.862645149230e-09 4.200000000000e+01
     2.609880000000e+05 4.000000000000e+00                                      
G22 2025 01 01 01 59 44-8.980883285400e-05-2.160049916710e-12 0.000000000000e+00
     4.000000000000e+00-1.090625000000e+01 4.675194740630e-09-1.852839528650e+00
    -3.073364496230e-07 1.350952254140e-02 7.612630724910e-06 5.153671449660e+03
     2.663840000000e+05-2.346932888030e-07 2.416586127210e+00 3.371387720110e-07
     9.596526263670e-01 2.340937500000e+02-1.074449554770e+00-7.914615389790e-09
    -5.121641908370e-10 1.000000000000e+00 2.347000000000e+03 0.000000000000e+00
     2.000000000000e+00 6.300000000000e+01-1.117587089540e-08 4.000000000000e+00
     2.632020000000e+05 4.000000000000e+00                                      
G26 2025 01 01 01 59 44-3.041606396437e-05-1.477928890381e-11 0.000000000000e+00
     7.500000000000e+01-1.659375000000e+01 5.611305161955e-09-5.133278189184e-01
    -6.947666406631e-07 9.793904027902e-03 5.709007382393e-06 5.153741422653e+03
     2.663840000000e+05 1.061707735062e-07 2.240104472406e+00 1.024454832077e-07
     9.296245562856e-01 2.508437500000e+02 6.026699771322e-01-8.552499103059e-09
    -3.267993267894e-10 1.000000000000e+00 2.347000000000e+03 0.000000000000e+00
     2.000000000000e+00 0.000000000000e+00 6.519258022308e-09 7.500000000000e+01
     2.592180000000e+05 4.000000000000e+00                                      
G12 2025 01 01 01 59 44-5.617984570560e-04-2.273736754430e-12 0.000000000000e+00
     1.600000000000e+01-7.531250000000e+00 4.738054501850e-09 4.527832045580e-01
    -5.885958671570e-07 8.982235682200e-03 7.361173629760e-06 5.153760200500e+03
     2.663840000000e+05-9.872019290920e-08 2.395691417500e+00-2.607703208920e-08
     9.609117292360e-01 2.380937500000e+02 1.463790316380e+00-8.072121950570e-09
    -5.193073455210e-10 1.000000000000e+00 2.347000000000e+03 0.000000000000e+00
     2.000000000000e+00 0.000000000000e+00-1.257285475730e-08 1.600000000000e+01
     2.608260000000e+05 4.000000000000e+00                                      
G14 2025 01 01 02 00 00 5.713566206400e-04 7.389644451910e-12 0.000000000000e+00
     7.600000000000e+01-1.681250000000e+01 5.155571893120e-09 3.186972053490e-01
    -8.512288331990e-07 5.133617087270e-03 6.744638085370e-06 5.153696235660e+03
     2.664000000000e+05 2.048909664150e-08 2.347815784890e+00 6.519258022310e-08
     9.441908198980e-01 2.410312500000e+02-2.864051173970e+00-8.262129865160e-09
    -4.600191616450e-10 1.000000000000e+00 2.347000000000e+03 0.000000000000e+00
     2.000000000000e+00 0.000000000000e+00-7.916241884230e-09 3.320000000000e+02
     2.592180000000e+05 4.000000000000e+00                                      
G09 2025 01 01 02 00 00 5.106432363390e-04 1.546140993010e-11 0.000000000000e+00
     8.800000000000e+01-9.778125000000e+01 4.128386249570e-09-1.764418308090e+00
    -5.152076482770e-06 3.195546916690e-03 1.057982444760e-05 5.153799425130e+03
     2.664000000000e+05-3.911554813390e-08 2.065626517980e-01 7.078051567080e-08
     9.607916616980e-01 1.760000000000e+02 2.031820887670e+00-7.738536626830e-09
     1.646497154640e-10 1.000000000000e+00 2.347000000000e+03 0.000000000000e+00
     2.000000000000e+00 0.000000000000e+00 9.313225746150e-10 8.800000000000e+01
     2.592180000000e+05 4.000000000000e+00                                      
G03 2025 01 01 02 00 00 6.369636394080e-04 7.958078640510e-12 0.000000000000e+00
     1.860000000000e+02-1.012187500000e+02 4.055526071800e-09 6.421361919380e-01
    -5.321577191350e-06 5.665003438480e-03 1.929700374600e-06 5.153605064390e+03
     2.664000000000e+05-2.607703208920e-08-8.082711172450e-01 2.421438694000e-08
     9.876414398470e-01 3.559062500000e+02 1.146223177210e+00-8.147839390220e-09
    -3.375140588150e-10 1.000000000000e+00 2.347000000000e+03 0.000000000000e+00
     2.800000000000e+00 0.000000000000e+00 1.396983861920e-09 1.860000000000e+02
     2.592180000000e+05 4.000000000000e+00                                      
G04 2025 01 01 02 00 00 5.049305036660e-04 6.025402399250e-12 0.000000000000e+00
     1.200000000000e+01-9.143750000000e+01 3.936235388580e-09-2.655545750870e+00
    -4.809349775310e-06 3.232060582380e-03 1.090019941330e-05 5.153686479570e+03
     2.664000000000e+05-5.587935447690e-09 2.677200971710e-01-7.450580596920e-09
     9.669843182750e-01 1.733125000000e+02-2.967005682510e+00-7.577458488700e-09
     2.567964108870e-10 1.000000000000e+00 2.347000000000e+03 0.000000000000e+00
     2.000000000000e+00 0.000000000000e+00-4.656612873080e-09 7.800000000000e+02
     2.592180000000e+05 4.000000000000e+00                                      
G27 2025 01 01 02 00 00-3.360817208890e-05 4.547473508860e-13 0.000000000000e+00
     5.500000000000e+01 9.021875000000e+01 4.217675683120e-09-2.249894908290e+00
     4.407018423080e-06 1.311120809990e-02 1.145713031290e-05 5.153690198900e+03
     2.664000000000e+05 1.043081283570e-07-2.919681028730e+00-1.285225152970e-07
     9.593105156590e-01 1.554687500000e+02 8.049101624360e-01-7.552814605040e-09
    -1.539349834390e-10 1.000000000000e+00 2.347000000000e+03 0.000000000000e+00
     2.000000000000e+00 0.000000000000e+00 1.862645149230e-09 5.500000000000e+01
     2.592180000000e+05 4.000000000000e+00                                      
G02 2025 01 01 02 00 00-2.786489203570e-04 8.981260180010e-12 0.000000000000e+00
     6.100000000000e+01 1.398750000000e+02 4.369110562420e-09-2.207625343060e+00
     7.651746273040e-06 1.654636068270e-02 2.972781658170e-06 5.153683757780e+03
     2.664000000000e+05-1.676380634310e-08-1.947755109240e+00 3.241002559660e-07
     9.663893699730e-01 3.256875000000e+02-1.064077927870e+00-7.961760210700e-09
     2.882262914960e-10 1.000000000000e+00 2.347000000000e+03 0.000000000000e+00
     2.000000000000e+00 0.000000000000e+00-1.769512891770e-08 6.100000000000e+01
     2.592180000000e+05 4.000000000000e+00                                      
G21 2025 01 01 02 00 00 9.945034980770e-05 1.818989403550e-12 0.000000000000e+00
     3.600000000000e+01 1.492187500000e+02 4.394825919280e-09-2.505738224570e+00
     7.960945367810e-06 2.585874835490e-02 3.676861524580e-06 5.153627431870e+03
     2.664000000000e+05-4.116445779800e-07-1.956250684140e+00 3.017485141750e-07
     9.606332891120e-01 3.148125000000e+02-4.685425261400e-01-7.903900657760e-09
     2.714398779890e-10 1.000000000000e+00 2.347000000000e+03 0.000000000000e+00
     2.000000000000e+00 0.000000000000e+00-1.024454832080e-08 3.600000000000e+01
     2.592180000000e+05 4.000000000000e+00                                      
G08 2025 01 01 02 00 00 4.513277672230e-04 8.299139153680e-12 0.000000000000e+00
     5.000000000000e+01 8.150000000000e+01 4.459114311440e-09-2.335643939280e+00
     3.939494490620e-06 1.026522857140e-02 1.167133450510e-05 5.153734828950e+03
     2.664000000000e+05-1.490116119380e-08-2.948012369850e+00-1.639127731320e-07
     9.502523200180e-01 1.503125000000e+02 3.961770801940e-01-7.735322207220e-09
    -1.942938074030e-10 1.000000000000e+00 2.347000000000e+03 0.000000000000e+00
     2.000000000000e+00 0.000000000000e+00 4.656612873080e-09 5.000000000000e+01
     2.592180000000e+05 4.000000000000e+00                                      
G30 2025 01 01 02 00 00-2.490621991460e-04 8.299139153680e-12 0.000000000000e+00
     8.300000000000e+01 2.390625000000e+01 5.303078037340e-09 1.011483354560e+00
     1.370906829830e-06 7.236388162710e-03 6.958842277530e-06 5.153748455050e+03
     2.664000000000e+05-1.285225152970e-07 1.276418109830e+00 6.705522537230e-08
     9.351415568340e-01 2.332812500000e+02-2.455077371480e+00-8.355705191520e-09
     4.553761111000e-10 1.000000000000e+00 2.347000000000e+03 0.000000000000e+00
     2.000000000000e+00 0.000000000000e+00 3.725290298460e-09 8.300000000000e+01
     2.592480000000e+05 4.000000000000e+00                                      
G17 2025 01 01 02 00 00 4.945783875880e-04-1.682565198280e-11 0.000000000000e+00
     4.700000000000e+01 1.051562500000e+02 4.026953453060e-09-2.363463943710e+00
     5.634501576420e-06 1.338960323480e-02 1.057051122190e-05 5.153611732480e+03
     2.664000000000e+05 1.229345798490e-07-2.849953161180e+00 2.104789018630e-07
     9.660402299450e-01 1.770625000000e+02-1.246770002000e+00-7.440667076510e-09
    -1.575065607800e-10 1.000000000000e+00 2.347000000000e+03 0.000000000000e+00
     2.000000000000e+00 0.000000000000e+00-1.071020960810e-08 4.700000000000e+01
     2.597760000000e+05 4.000000000000e+00                                      
G01 2025 01 01 02 00 00 8.908100426200e-06 3.637978807090e-11 0.000000000000e+00
     4.000000000000e+01 1.092187500000e+02 4.732339978100e-09-2.113374976200e+00
     5.733221769330e-06 2.099182456730e-04 1.560896635060e-06 5.153751745220e+03
     2.664000000000e+05-5.215406417850e-08-1.782957016020e+00 1.676380634310e-08
     9.596472355140e-01 3.469062500000e+02-1.311840100780e+00-8.352847929640e-09
     2.471531520640e-10 1.000000000000e+00 2.347000000000e+03 0.000000000000e+00
     2.000000000000e+00 6.300000000000e+01-1.396983861920e-09 4.000000000000e+01
     2.610780000000e+05 4.000000000000e+00                                      
G19 2025 01 01 02 00 00 5.807681009170e-04 4.661160346590e-12 0.000000000000e+00
     5.300000000000e+01 1.055000000000e+02 4.195174745870e-09-4.929850506460e-01
     5.500391125680e-06 1.001706870740e-02 1.033209264280e-05 5.153606079100e+03
     2.664000000000e+05 6.146728992460e-08-2.805776841700e+00-1.713633537290e-07
     9.652440045960e-01 1.852187500000e+02 2.699722324900e+00-7.807110911790e-09
    -9.428964182780e-11 1.000000000000e+00 2.347000000000e+03 0.000000000000e+00
     2.000000000000e+00 0.000000000000e+00-1.536682248120e-08 5.300000000000e+01
     2.640720000000e+05 4.000000000000e+00                                      
G06 2025 01 01 02 00 00-8.619390428066e-05-2.762590156635e-11 0.000000000000e+00
     7.700000000000e+01 1.088750000000e+02 4.068383750228e-09 2.009072619790e+00
     5.848705768585e-06 3.430609824136e-03 1.709908246994e-06 5.153759914398e+03
     2.664000000000e+05 9.872019290924e-08-1.844503615162e+00-3.725290298462e-09
     9.891105109601e-01 3.584375000000e+02-7.320096044640e-01-8.029263022462e-09
     1.428630936784e-10 1.000000000000e+00 2.347000000000e+03 0.000000000000e+00
     2.000000000000e+00 0.000000000000e+00 3.725290000000e-09 7.700000000000e+01
     2.641500000000e+05 4.000000000000e+00                                      
G10 2025 01 01 02 00 00-2.578040584922e-04-1.591615728103e-11 0.000000000000e+00
     2.600000000000e+01-1.030625000000e+02 4.151958660029e-09-3.777034808889e-01
    -5.383044481277e-06 1.011644909158e-02 1.557171344757e-06 5.153684787750e+03
     2.664000000000e+05-2.235174179077e-08-8.107955506263e-01 1.452863216400e-07
     9.872629171090e-01 3.620312500000e+02-2.334846803993e+00-8.320346575832e-09
    -3.807301446530e-10 1.000000000000e+00 2.347000000000e+03 0.000000000000e+00
     2.000000000000e+00 0.000000000000e+00 2.328306000000e-09 2.600000000000e+01
     2.592300000000e+05 4.000000000000e+00                                      
G22 2025 01 01 02 00 00-8.981022983789e-05-2.160049916711e-12 0.000000000000e+00
     8.600000000000e+01-1.090625000000e+01 4.675194740627e-09-1.850505624256e+00
    -3.073364496231e-07 1.350952032954e-02 7.612630724907e-06 5.153671447754e+03
     2.664000000000e+05-2.346932888031e-07 2.416586002861e+00 3.371387720108e-07
     9.596526175892e-01 2.340937500000e+02-1.074449724469e+00-7.914615389785e-09
    -5.121641908372e-10 1.000000000000e+00 2.347000000000e+03 0.000000000000e+00
     2.000000000000e+00 6.300000000000e+01-1.117587000000e-08 8.600000000000e+01
     2.592300000000e+05 4.000000000000e+00                                      
G28 2025 01 01 02 00 00-5.236905999482e-04-1.011812855722e-11 0.000000000000e+00
     1.800000000000e+02 5.812500000000e+00 4.574119101849e-09-4.539799359151e-02
     4.321336746216e-07 4.462565993890e-04 7.310882210732e-06 5.153782726288e+03
     2.664000000000e+05-1.303851604462e-08 1.248506604260e+00 0.000000000000e+00
     9.610433157916e-01 2.381875000000e+02 1.422871985678e+00-7.857827310048e-09
     5.935961542339e-10 1.000000000000e+00 2.347000000000e+03 0.000000000000e+00
     2.000000000000e+00 0.000000000000e+00-9.313226000000e-09 6.920000000000e+02
     2.592300000000e+05 4.000000000000e+00                                      
G31 2025 01 01 02 00 00-2.188407815993e-04 7.958078640513e-13 0.000000000000e+00
     6.100000000000e+01 9.937500000000e+00 4.815914887900e-09 1.360513667427e-01
     7.003545761108e-07 1.070300431456e-02 7.050111889839e-06 5.153598415375e+03
     2.664000000000e+05 9.313225746155e-09 1.301520899010e+00 2.011656761169e-07
     9.538663099148e-01 2.405625000000e+02 7.911650917960e-01-8.134981711784e-09
     5.621662736246e-10 1.000000000000e+00 2.347000000000e+03 0.000000000000e+00
     2.000000000000e+00 0.000000000000e+00-1.350418000000e-08 6.100000000000e+01
     2.592000000000e+05 4.000000000000e+00                                      
G32 2025 01 01 02 00 00-5.496009252965e-04 6.593836587854e-12 0.000000000000e+00
     9.900000000000e+01-1.156250000000e+02 3.978380001210e-09-1.662449000268e+00
    -5.984678864479e-06 8.253828738816e-03 1.068785786629e-05 5.153778125763e+03
     2.664000000000e+05 2.589076757431e-07 2.220374636087e-01-1.676380634308e-08
     9.640812597513e-01 1.763437500000e+02-2.114404223914e+00-7.545671450361e-09
     1.692927660089e-10 1.000000000000e+00 2.347000000000e+03 0.000000000000e+00
     2.000000000000e+00 0.000000000000e+00 9.313226000000e-10 9.900000000000e+01
     2.592300000000e+05 4.000000000000e+00                                      
G16 2025 01 01 02 00 00-8.905446156859e-05 9.436007530894e-12 0.000000000000e+00
     4.000000000000e+01-1.190625000000e+01 4.731982820364e-09-1.325541927559e+00
    -4.507601261139e-07 1.445788086858e-02 6.658956408501e-06 5.153661579132e+03
     2.664000000000e+05 3.147870302200e-07 2.413283029348e+00 4.842877388000e-08
     9.602901280298e-01 2.433750000000e+02 8.647781303717e-01-7.921401386735e-09
    -4.164459180726e-10 1.000000000000e+00 2.347000000000e+03 0.000000000000e+00
     2.000000000000e+00 0.000000000000e+00-1.071020960808e-08 4.000000000000e+01
     2.592180000000e+05 4.000000000000e+00                                      
G18 2025 01 01 02 00 00-6.592408753930e-04 9.094947017730e-13 0.000000000000e+00
     1.380000000000e+02 1.269687500000e+02 4.478757986820e-09 1.915366603280e+00
     6.601214408870e-06 4.796995781360e-03 1.911073923110e-06 5.153717210770e+03
     2.664000000000e+05-3.352761268620e-08-1.843530600550e+00 1.043081283570e-07
     9.740043296360e-01 3.516250000000e+02-2.935013783880e+00-8.305345951000e-09
     2.403671551140e-10 1.000000000000e+00 2.347000000000e+03 0.000000000000e+00
     2.000000000000e+00 0.000000000000e+00-8.381903171540e-09 6.500000000000e+02
     2.592180000000e+05 4.000000000000e+00                                      
G25 2025 01 01 02 00 00 4.973933100700e-04-5.684341886080e-13 0.000000000000e+00
     7.000000000000e+00-9.093750000000e+00 5.112355807280e-09 2.748802751010e-01
    -6.109476089480e-07 1.230023894460e-02 6.642192602160e-06 5.153677673340e+03
     2.664000000000e+05-1.583248376850e-07 2.306662730450e+00 1.322478055950e-07
     9.489176296340e-01 2.487187500000e+02 1.106215444260e+00-8.298202796310e-09
    -4.635907389870e-10 1.000000000000e+00 2.347000000000e+03 0.000000000000e+00
     2.000000000000e+00 0.000000000000e+00 5.587935447690e-09 7.000000000000e+00
     2.592180000000e+05 4.000000000000e+00                                      
G29 2025 01 01 02 00 00-5.511026829480e-04 3.296918293930e-12 0.000000000000e+00
     3.300000000000e+01 1.195000000000e+02 4.052668809920e-09-2.399774272640e+00
     6.243586540220e-06 2.883882028980e-03 1.106411218640e-05 5.153732254030e+03
     2.664000000000e+05-5.401670932770e-08-2.834381510040e+00-1.862645149230e-09
     9.685456790380e-01 1.741562500000e+02 2.645491291930e+00-7.597459321820e-09
    -1.814361289720e-10 1.000000000000e+00 2.347000000000e+03 0.000000000000e+00
     2.000000000000e+00 0.000000000000e+00-9.778887033460e-09 3.300000000000e+01
     2.592180000000e+05 4.000000000000e+00                                      
G11 2025 01 01 02 00 00-7.525454275310e-04 4.547473508860e-13 0.000000000000e+00
     1.670000000000e+02 1.034062500000e+02 4.560904265680e-09 3.051426939790e+00
     5.401670932770e-06 1.753397402350e-03 1.266598701480e-06 5.153592460630e+03
     2.664000000000e+05 2.048909664150e-08-1.816292369380e+00-4.656612873080e-08
     9.657814660690e-01 3.561875000000e+02-2.347717042310e+00-8.281059225070e-09
     1.757216052240e-10 1.000000000000e+00 2.347000000000e+03 0.000000000000e+00
     2.000000000000e+00 0.000000000000e+00-8.847564458850e-09 1.670000000000e+02
     2.592180000000e+05 4.000000000000e+00                                      
G13 2025 01 01 02 00 00 6.919768638910e-04 1.250555214940e-12 0.000000000000e+00
     1.250000000000e+02-8.193750000000e+01 3.701939914940e-09-2.617511064310e+00
    -4.185363650320e-06 8.806660305710e-03 1.201219856740e-05 5.153693748470e+03
     2.664000000000e+05-7.450580596920e-09 3.756405089240e-01-5.401670932770e-08
     9.731641494500e-01 1.520937500000e+02 9.701778596650e-01-7.342091541870e-09
     4.214461263510e-10 1.000000000000e+00 2.347000000000e+03 0.000000000000e+00
     2.000000000000e+00 0.000000000000e+00-1.117587089540e-08 1.250000000000e+02
     2.592180000000e+05 4.000000000000e+00                                      
G05 2025 01 01 02 00 00-1.976974308490e-04-1.136868377220e-12 0.000000000000e+00
     1.030000000000e+02-1.101562500000e+02 4.285178494880e-09-2.000358370820e+00
    -5.597248673440e-06 5.601516691970e-03 1.421198248860e-06 5.153728685380e+03
     2.664000000000e+05 4.097819328310e-08-8.624600796210e-01 4.284083843230e-08
     9.744660543770e-01 3.587187500000e+02 1.330077640700e+00-8.166411592390e-09
    -3.014411276610e-10 1.000000000000e+00 2.347000000000e+03 0.000000000000e+00
     2.000000000000e+00 0.000000000000e+00-1.071020960810e-08 1.030000000000e+02
     2.592180000000e+05 4.000000000000e+00                                      
G24 2025 01 01 02 00 00-4.684627056120e-04 3.637978807090e-12 0.000000000000e+00
     5.800000000000e+01 1.106250000000e+01 5.188787562400e-09 2.068140326190e+00
     3.539025783540e-07 1.641522126740e-02 7.670372724530e-06 5.153682859420e+03
     2.664000000000e+05-9.499490261080e-08 1.178154964530e+00-3.278255462650e-07
     9.338139689170e-01 2.169062500000e+02 1.042983028060e+00-8.110694985860e-09
     6.546701267810e-10 1.000000000000e+00 2.347000000000e+03 0.000000000000e+00
     2.000000000000e+00 0.000000000000e+00 2.328306436540e-09 5.800000000000e+01
     2.592180000000e+05 4.000000000000e+00                                      
G23 2025 01 01 02 00 00 3.949324600400e-04 7.617018127350e-12 0.000000000000e+00
     1.410000000000e+02-1.054375000000e+02 4.264463346300e-09 7.975794843300e-01
    -5.412846803670e-06 4.990323679520e-03 1.108273863790e-06 5.153630220410e+03
     2.664000000000e+05 2.421438694000e-08-8.408467099430e-01 8.754432201390e-08
     9.823543588190e-01 3.685312500000e+02-2.867163220580e+00-8.274630385850e-09
    -3.939449808180e-10 1.000000000000e+00 2.347000000000e+03 0.000000000000e+00
     2.000000000000e+00 0.000000000000e+00-8.381903171540e-09 9.090000000000e+02
     2.592180000000e+05 4.000000000000e+00                                      
G15 2025 01 01 02 00 00 2.463255077600e-04 4.547473508860e-12 0.000000000000e+00
     6.200000000000e+01-1.371562500000e+02 4.493401453920e-09 2.938110709770e+00
    -6.966292858120e-06 1.611294387840e-02 1.045502722260e-05 5.153752538680e+03
     2.664000000000e+05 1.676380634310e-07 7.316290599730e-02-8.381903171540e-08
     9.380345519440e-01 1.623125000000e+02 1.386487810110e+00-7.674605392410e-09
     6.643133856050e-11 1.000000000000e+00 2.347000000000e+03 0.000000000000e+00
     2.000000000000e+00 0.000000000000e+00-1.024454832080e-08 6.200000000000e+01
     2.592180000000e+05 4.000000000000e+00                                      
G12 2025 01 01 02 00 00-5.617998540400e-04-2.273736754430e-12 0.000000000000e+00
     9.200000000000e+01-7.531250000000e+00 4.738054501850e-09 4.551170899340e-01
    -5.885958671570e-07 8.982237079180e-03 7.361173629760e-06 5.153760200500e+03
     2.664000000000e+05-9.872019290920e-08 2.395691288760e+00-2.607703208920e-08
     9.609117204590e-01 2.380937500000e+02 1.463790073530e+00-8.072121950570e-09
    -5.193073455210e-10 1.000000000000e+00 2.347000000000e+03 0.000000000000e+00
     2.800000000000e+00 0.000000000000e+00-1.257285475730e-08 9.200000000000e+01
     2.592180000000e+05 4.000000000000e+00                                      
G20 2025 01 01 02 00 00 3.674300387500e-04-3.410605131650e-13 0.000000000000e+00
     6.800000000000e+01-8.459375000000e+01 4.766627120580e-09 2.297870709820e+00
    -4.544854164120e-06 3.834291012030e-03 4.768371582030e-07 5.153670450210e+03
     2.664000000000e+05-7.636845111850e-08-9.951278016960e-01-9.499490261080e-08
     9.566365310890e-01 3.685937500000e+02-2.377118241750e+00-8.437137154910e-09
    -2.871548182940e-10 1.000000000000e+00 2.347000000000e+03 0.000000000000e+00
     2.800000000000e+00 0.000000000000e+00-8.381903171540e-09 6.800000000000e+01
     2.592480000000e+05 4.000000000000e+00                                      
G22 2025 01 01 03 59 44-8.982466533780e-05-2.160049916710e-12 0.000000000000e+00
     5.000000000000e+00-1.946875000000e+01 4.792699635180e-09-8.027346891450e-01
    -1.093372702600e-06 1.350900577380e-02 7.571652531620e-06 5.153669229510e+03
     2.735840000000e+05-1.974403858180e-07 2.416526574740e+00-5.774199962620e-08
     9.596484950860e-01 2.367500000000e+02-1.074369414660e+00-8.215342201980e-09
    -3.510860527150e-10 1.000000000000e+00 2.347000000000e+03 0.000000000000e+00
     2.000000000000e+00 6.300000000000e+01-1.117587089540e-08 5.000000000000e+00
     2.664180000000e+05 4.000000000000e+00                                      
G21 2025 01 01 03 59 44 9.946152567860e-05 1.818989403550e-12 0.000000000000e+00
     7.600000000000e+01 1.265937500000e+02 4.711981987250e-09-1.457974580640e+00
     6.401911377910e-06 2.586011798120e-02 4.174187779430e-06 5.153621423720e+03
     2.735840000000e+05-2.570450305940e-07-1.956312101830e+00-4.004687070850e-07
     9.606342019730e-01 3.083750000000e+02-4.684273286560e-01-8.469638508730e-09
     6.043108862600e-10 1.000000000000e+00 2.347000000000e+03 0.000000000000e+00
     2.000000000000e+00 0.000000000000e+00-1.024454832080e-08 7.600000000000e+01
     2.664180000000e+05 4.000000000000e+00                                      
G30 2025 01 01 03 59 44-2.490021288390e-04 8.299139153680e-12 0.000000000000e+00
     0.000000000000e+00 1.559375000000e+01 5.257719005100e-09 2.059110973440e+00
     7.208436727520e-07 7.236574892890e-03 7.217749953270e-06 5.153750904080e+03
     2.735840000000e+05-1.899898052220e-07 1.276357814200e+00-9.499490261080e-08
     9.351452843490e-01 2.288750000000e+02-2.454898496100e+00-8.250343659930e-09
     5.182358723190e-10 1.000000000000e+00 2.347000000000e+03 0.000000000000e+00
     2.000000000000e+00 0.000000000000e+00 3.725290298460e-09 0.000000000000e+00
     2.696580000000e+05 4.000000000000e+00                                      
G27 2025 01 01 03 59 44-3.360444679856e-05 4.547473508865e-13 0.000000000000e+00
     4.300000000000e+01 9.596875000000e+01 4.260177453491e-09-1.202132864790e+00
     5.044043064117e-06 1.311166724190e-02 1.110136508942e-05 5.153688266754e+03
     2.735840000000e+05 3.036111593246e-07-2.919734830470e+00 8.381903171539e-08
     9.593086094770e-01 1.619375000000e+02 8.049836535889e-01-7.719607266914e-09
    -2.796545058755e-10 1.000000000000e+00 2.347000000000e+03 0.000000000000e+00
     2.000000000000e+00 0.000000000000e+00 1.862645149231e-09 4.300000000000e+01
     2.664180000000e+05 4.000000000000e+00                                      
G12 2025 01 01 03 59 44-5.618147552010e-04-2.273736754430e-12 0.000000000000e+00
     1.700000000000e+01-1.606250000000e+01 4.629835708380e-09 1.502794134960e+00
    -9.797513484950e-07 8.982907980680e-03 7.214024662970e-06 5.153762590410e+03
     2.735840000000e+05-5.587935447690e-08 2.395633184580e+00-1.732259988780e-07
     9.609084917990e-01 2.401562500000e+02 1.463908145650e+00-7.964260314840e-09
    -4.785913638230e-10 1.000000000000e+00 2.347000000000e+03 0.000000000000e+00
     2.000000000000e+00 0.000000000000e+00-1.257285475730e-08 1.700000000000e+01
     2.731080000000e+05 4.000000000000e+00                                      
G14 2025 01 01 04 00 00 5.714097060260e-04 7.389644451910e-12 0.000000000000e+00
     7.700000000000e+01-2.084375000000e+01 5.156286208590e-09 1.368991991600e+00
    -1.082196831700e-06 5.133114173080e-03 6.500631570820e-06 5.153694705960e+03
     2.736000000000e+05-2.980232238770e-08 2.347756584980e+00 6.146728992460e-08
     9.441874376310e-01 2.450937500000e+02-2.864173940590e+00-8.239986085640e-09
    -4.935919886590e-10 1.000000000000e+00 2.347000000000e+03 0.000000000000e+00
     2.000000000000e+00 0.000000000000e+00-7.916241884230e-09 3.330000000000e+02
     2.664180000000e+05 4.000000000000e+00                                      
G07 2025 01 01 04 00 00-1.411186531190e-05 6.821210263300e-13 0.000000000000e+00
     1.700000000000e+01 1.143750000000e+01 4.797342685720e-09 2.236159974200e+00
     3.222376108170e-07 1.889567216860e-02 7.299706339840e-06 5.153756170270e+03
     2.736000000000e+05 3.166496753690e-08 1.279022411230e+00-4.395842552190e-07
     9.499736970290e-01 2.315000000000e+02-2.086242686620e+00-7.799610599370e-09
     5.771668984610e-10 1.000000000000e+00 2.347000000000e+03 0.000000000000e+00
     2.000000000000e+00 0.000000000000e+00-1.071020960810e-08 1.700000000000e+01
     2.664180000000e+05 4.000000000000e+00                                      
G01 2025 01 01 04 00 00 9.169802069660e-06 3.626610123320e-11 0.000000000000e+00
     4.100000000000e+01 1.148125000000e+02 4.723411034740e-09-1.064723253220e+00
     5.908310413360e-06 2.104233717550e-04 1.985579729080e-06 5.153751131060e+03
     2.736000000000e+05-6.146728992460e-08-1.783017400890e+00-5.215406417850e-08
     9.596488769080e-01 3.415000000000e+02-1.310356227860e+00-8.399278435090e-09
     2.675111429130e-10 1.000000000000e+00 2.347000000000e+03 0.000000000000e+00
     2.000000000000e+00 6.300000000000e+01-1.396983861920e-09 4.100000000000e+01
     2.664180000000e+05 4.000000000000e+00                                      
G09 2025 01 01 04 00 00 5.107549950480e-04 1.546140993010e-11 0.000000000000e+00
     9.500000000000e+01-1.091875000000e+02 4.175888228220e-09-7.147547651360e-01
    -5.770474672320e-06 3.194702556360e-03 1.031532883640e-05 5.153796405790e+03
     2.736000000000e+05-5.401670932770e-08 2.065068019740e-01 2.421438694000e-08
     9.607928305690e-01 1.812500000000e+02 2.032259270090e+00-7.754965882600e-09
     1.639353999960e-10 1.000000000000e+00 2.347000000000e+03 0.000000000000e+00
     2.000000000000e+00 0.000000000000e+00 9.313225746150e-10 9.500000000000e+01
     2.664180000000e+05 4.000000000000e+00                                      
G17 2025 01 01 04 00 00 4.944568499920e-04-1.682565198280e-11 0.000000000000e+00
     5.100000000000e+01 9.818750000000e+01 4.162316234320e-09-1.313351435590e+00
     5.232170224190e-06 1.338955934630e-02 1.151487231250e-05 5.153609251020e+03
     2.736000000000e+05-2.812594175340e-07-2.850008187380e+00 1.564621925350e-07
     9.660373918840e-01 1.680312500000e+02-1.246666513720e+00-7.821754378890e-09
    -1.410773050070e-10 1.000000000000e+00 2.347000000000e+03 0.000000000000e+00
     2.000000000000e+00 0.000000000000e+00-1.071020960810e-08 5.100000000000e+01
     2.664180000000e+05 4.000000000000e+00                                      
G30 2025 01 01 04 00 00-2.490025945010e-04 8.299139153680e-12 0.000000000000e+00
     8.400000000000e+01 1.559375000000e+01 5.257719005100e-09 2.061445231860e+00
     7.208436727520e-07 7.236575358550e-03 7.217749953270e-06 5.153750904080e+03
     2.736000000000e+05-1.899898052220e-07 1.276357684000e+00-9.499490261080e-08
     9.351453004410e-01 2.288750000000e+02-2.454899139790e+00-8.250343659930e-09
     5.182358723190e-10 1.000000000000e+00 2.347000000000e+03 0.000000000000e+00
     2.000000000000e+00 0.000000000000e+00 3.725290298460e-09 8.400000000000e+01
     2.664180000000e+05 4.000000000000e+00                                      
G19 2025 01 01 04 00 00 5.808016285300e-04 4.661160346590e-12 0.000000000000e+00
     5.400000000000e+01 9.525000000000e+01 4.212675474840e-09 5.573092967290e-01
     4.982575774190e-06 1.001756393820e-02 1.053325831890e-05 5.153606983180e+03
     2.736000000000e+05 1.490116119380e-07-2.805833076270e+00-9.499490261080e-08
     9.652430712540e-01 1.791250000000e+02 2.699646572080e+00-7.831754795450e-09
    -1.307197307160e-10 1.000000000000e+00 2.347000000000e+03 0.000000000000e+00
     2.000000000000e+00 0.000000000000e+00-1.536682248120e-08 5.400000000000e+01
     2.664180000000e+05 4.000000000000e+00                                      
G03 2025 01 01 04 00 00 6.370209157470e-04 7.958078640510e-12 0.000000000000e+00
     1.870000000000e+02-9.818750000000e+01 4.059454806870e-09 1.692405568770e+00
    -5.271285772320e-06 5.664366413840e-03 1.579523086550e-06 5.153604105000e+03
     2.736000000000e+05-7.636845111850e-08-8.083299324030e-01-5.215406417850e-08
     9.876394254090e-01 3.633125000000e+02 1.146174483980e+00-8.080336578450e-09
    -2.860833450910e-10 1.000000000000e+00 2.347000000000e+03 0.000000000000e+00
     2.800000000000e+00 0.000000000000e+00 1.396983861920e-09 1.870000000000e+02
     2.664180000000e+05 4.000000000000e+00                                      
G04 2025 01 01 04 00 00 5.049738101660e-04 6.025402399250e-12 0.000000000000e+00
     1.300000000000e+01-1.023437500000e+02 3.967665269180e-09-1.605767910130e+00
    -5.401670932770e-06 3.233144874680e-03 1.057237386700e-05 5.153683376310e+03
     2.736000000000e+05-3.539025783540e-08 2.676657643930e-01-4.470348358150e-08
     9.669861030350e-01 1.792500000000e+02-2.966613368840e+00-7.566386598940e-09
     2.207234797330e-10 1.000000000000e+00 2.347000000000e+03 0.000000000000e+00
     2.000000000000e+00 0.000000000000e+00-4.656612873080e-09 7.810000000000e+02
     2.664180000000e+05 4.000000000000e+00                                      
G02 2025 01 01 04 00 00-2.785837277770e-04 8.981260180010e-12 0.000000000000e+00
     6.200000000000e+01 1.294687500000e+02 4.590191199890e-09-1.157616427100e+00
     6.766989827160e-06 1.654699409850e-02 4.306435585020e-06 5.153678424840e+03
     2.736000000000e+05-3.091990947720e-07-1.947815365370e+00-9.126961231230e-08
     9.663898249410e-01 3.079687500000e+02-1.063909739110e+00-8.442137363190e-09
     4.271606500990e-10 1.000000000000e+00 2.347000000000e+03 0.000000000000e+00
     2.000000000000e+00 0.000000000000e+00-1.769512891770e-08 6.200000000000e+01
     2.664180000000e+05 4.000000000000e+00                                      
G08 2025 01 01 04 00 00 4.513873718680e-04 8.299139153680e-12 0.000000000000e+00
     5.300000000000e+01 8.459375000000e+01 4.433398954580e-09-1.285593921160e+00
     4.209578037260e-06 1.026539143640e-02 1.103803515430e-05 5.153732995990e+03
     2.736000000000e+05 1.341104507450e-07-2.948067871500e+00-1.639127731320e-07
     9.502508366190e-01 1.565625000000e+02 3.962703426850e-01-7.782824185870e-09
    -2.453673633930e-10 1.000000000000e+00 2.347000000000e+03 0.000000000000e+00
     2.000000000000e+00 0.000000000000e+00 4.656612873080e-09 5.300000000000e+01
     2.664180000000e+05 4.000000000000e+00                                      
G06 2025 01 01 04 00 00-8.639274165030e-05-2.762590156640e-11 0.000000000000e+00
     7.900000000000e+01 1.080625000000e+02 4.036239554150e-09 3.058860554670e+00
     5.748122930530e-06 3.429505974050e-03 2.494081854820e-06 5.153762851720e+03
     2.736000000000e+05-5.215406417850e-08-1.844562071910e+00 1.192092895510e-07
     9.891121640580e-01 3.462812500000e+02-7.316735253680e-01-7.976760835540e-09
     2.914407111040e-10 1.000000000000e+00 2.347000000000e+03 0.000000000000e+00
     2.000000000000e+00 0.000000000000e+00 3.725290298460e-09 7.900000000000e+01
     2.678280000000e+05 4.000000000000e+00                                      
G13 2025 01 01 04 00 00 6.919861771170e-04 1.250555214940e-12 0.000000000000e+00
     1.260000000000e+02-7.162500000000e+01 3.876590046960e-09-1.567549643440e+00
    -3.777444362640e-06 8.807932259510e-03 1.147389411930e-05 5.153689662930e+03
     2.736000000000e+05 2.495944499970e-07 3.755883515050e-01-2.421438694000e-08
     9.731663028660e-01 1.645937500000e+02 9.703806669240e-01-7.470668326180e-09
     2.489389407350e-10 1.000000000000e+00 2.347000000000e+03 0.000000000000e+00
     2.000000000000e+00 0.000000000000e+00-1.117587089540e-08 1.260000000000e+02
     2.707980000000e+05 4.000000000000e+00                                      
G11 2025 01 01 04 00 00-7.525421679020e-04 4.547473508865e-13 0.000000000000e+00
     1.680000000000e+02 1.057187500000e+02 4.561975738887e-09-2.180991425790e+00
     5.627050995827e-06 1.752239768393e-03 1.935288310051e-06 5.153595184326e+03
     2.736000000000e+05 7.823109626770e-08-1.816352432404e+00 3.352761268616e-08
     9.657828792478e-01 3.446875000000e+02-2.348253239819e+00-8.300702900451e-09
     2.485817830005e-10 1.000000000000e+00 2.347000000000e+03 0.000000000000e+00
     2.000000000000e+00 0.000000000000e+00-8.847564000000e-09 1.680000000000e+02
     2.688000000000e+05 4.000000000000e+00                                      
G16 2025 01 01 04 00 00-8.898647502065e-05 9.436007530894e-12 0.000000000000e+00
     4.200000000000e+01-1.034375000000e+01 4.767698593784e-09-2.753466168118e-01
    -3.520399332047e-07 1.445808389690e-02 7.037073373795e-06 5.153661947250e+03
     2.736000000000e+05 4.284083843231e-08 2.413224957352e+00 1.825392246246e-07
     9.602858153473e-01 2.447187500000e+02 8.647727980353e-01-8.188912529648e-09
    -4.450185368083e-10 1.000000000000e+00 2.347000000000e+03 0.000000000000e+00
     2.000000000000e+00 0.000000000000e+00-1.071021000000e-08 4.200000000000e+01
     2.704200000000e+05 4.000000000000e+00                                      
G20 2025 01 01 04 00 00 3.674277104437e-04-3.410605131648e-13 0.000000000000e+00
     6.900000000000e+01-7.346875000000e+01 4.831629828205e-09-2.935194754163e+00
    -3.710389137268e-06 3.832717309706e-03 2.421438694000e-08 5.153673412323e+03
     2.736000000000e+05 1.303851604462e-08-9.951887922135e-01-1.713633537292e-07
     9.566344288752e-01 3.725937500000e+02-2.377053668547e+00-8.473567243802e-09
    -2.460816788611e-10 1.000000000000e+00 2.347000000000e+03 0.000000000000e+00
     2.000000000000e+00 0.000000000000e+00-8.381903000000e-09 6.900000000000e+01
     2.724600000000e+05 4.000000000000e+00                                      
G26 2025 01 01 04 00 00-3.052270039916e-05-1.477928890381e-11 0.000000000000e+00
     7.600000000000e+01-1.234375000000e+01 5.518444151064e-09 5.391453035545e-01
    -5.364418029785e-07 9.794513927773e-03 5.757436156273e-06 5.153742603302e+03
     2.736000000000e+05-4.284083843231e-08 2.240043484814e+00 1.993030309677e-07
     9.296222858368e-01 2.513437500000e+02 6.026769991390e-01-8.459995249903e-09
    -4.128743407307e-10 1.000000000000e+00 2.347000000000e+03 0.000000000000e+00
     2.000000000000e+00 0.000000000000e+00 6.519258000000e-09 7.600000000000e+01
     2.682300000000e+05 4.000000000000e+00                                      
G28 2025 01 01 04 00 00-5.237637087703e-04-1.011812855722e-11 0.000000000000e+00
     1.810000000000e+02 8.937500000000e+00 4.658051169385e-09 1.005392053335e+00
     4.693865776062e-07 4.458721959963e-04 7.377937436104e-06 5.153781814575e+03
     2.736000000000e+05 6.705522537231e-08 1.248450298006e+00-2.607703208923e-08
     9.610472993176e-01 2.400000000000e+02 1.422196840207e+00-7.891400137062e-09
     5.303792352812e-10 1.000000000000e+00 2.347000000000e+03 0.000000000000e+00
     2.000000000000e+00 0.000000000000e+00-9.313226000000e-09 6.930000000000e+02
     2.664300000000e+05 4.000000000000e+00                                      
G31 2025 01 01 04 00 00-2.188351936638e-04 7.958078640513e-13 0.000000000000e+00
     6.200000000000e+01 8.718750000000e+00 4.850559188117e-09 1.186268235051e+00
     6.277114152908e-07 1.070301863365e-02 7.361173629761e-06 5.153598585129e+03
     2.736000000000e+05-1.247972249985e-07 1.301463356590e+00 3.539025783539e-08
     9.538697653273e-01 2.395625000000e+02 7.911769282662e-01-8.091408468212e-09
     4.028739241732e-10 1.000000000000e+00 2.347000000000e+03 0.000000000000e+00
     2.000000000000e+00 0.000000000000e+00-1.350418000000e-08 6.200000000000e+01
     2.664000000000e+05 4.000000000000e+00                                      
G18 2025 01 01 04 00 00-6.592338904740e-04 9.094947017730e-13 0.000000000000e+00
     1.390000000000e+02 1.220937500000e+02 4.351252675710e-09 2.965411865440e+00
     6.375834345820e-06 4.796266555790e-03 1.756474375720e-06 5.153718862530e+03
     2.736000000000e+05-4.284083843230e-08-1.843590366610e+00-7.636845111850e-08
     9.740069892210e-01 3.562500000000e+02-2.934905568910e+00-8.152482440760e-09
     3.153702792950e-10 1.000000000000e+00 2.347000000000e+03 0.000000000000e+00
     2.000000000000e+00 0.000000000000e+00-8.381903171540e-09 6.510000000000e+02
     2.664180000000e+05 4.000000000000e+00                                      
G29 2025 01 01 04 00 00-5.510793998840e-04 3.296918293930e-12 0.000000000000e+00
     3.400000000000e+01 1.091562500000e+02 4.052668809920e-09-1.350142463310e+00
     5.433335900310e-06 2.883891691450e-03 1.075491309170e-05 5.153729606630e+03
     2.736000000000e+05 1.862645149230e-09-2.834436678140e+00-5.401670932770e-08
     9.685443360790e-01 1.803125000000e+02 2.646001651380e+00-7.648532877810e-09
    -1.382200431340e-10 1.000000000000e+00 2.347000000000e+03 0.000000000000e+00
     2.000000000000e+00 0.000000000000e+00-9.778887033460e-09 3.400000000000e+01
     2.664180000000e+05 4.000000000000e+00                                      
G32 2025 01 01 04 00 00-5.495534278450e-04 6.593836587850e-12 0.000000000000e+00
     1.050000000000e+02-1.139062500000e+02 4.198389165470e-09-6.124424249710e-01
    -5.902722477910e-06 8.253416512160e-03 1.102313399310e-05 5.153776268010e+03
     2.736000000000e+05-3.352761268620e-08 2.219822223590e-01 1.285225152970e-07
     9.640808208760e-01 1.695000000000e+02-2.114296436110e+00-7.877470985430e-09
     1.300054152470e-10 1.000000000000e+00 2.347000000000e+03 0.000000000000e+00
     2.000000000000e+00 0.000000000000e+00 9.313225746150e-10 1.050000000000e+02
     2.664180000000e+05 4.000000000000e+00                                      
G05 2025 01 01 04 00 00-1.977058127520e-04-1.136868377220e-12 0.000000000000e+00
     1.040000000000e+02-1.013125000000e+02 4.419826960680e-09-9.504297471110e-01
    -5.185604095460e-06 5.601844866760e-03 1.650303602220e-06 5.153726444240e+03
     2.736000000000e+05-9.685754776000e-08-8.625192224730e-01 6.146728992460e-08
     9.744632324080e-01 3.525625000000e+02 1.330296281120e+00-8.302488689120e-09
    -3.078699668770e-10 1.000000000000e+00 2.347000000000e+03 0.000000000000e+00
     2.000000000000e+00 0.000000000000e+00-1.071020960810e-08 1.040000000000e+02
     2.664180000000e+05 4.000000000000e+00                                      
G24 2025 01 01 04 00 00-4.684366285800e-04 3.637978807090e-12 0.000000000000e+00
     6.100000000000e+01 1.865625000000e+01 5.104855494860e-09 3.118295509090e+00
     9.220093488690e-07 1.641427120190e-02 7.422640919690e-06 5.153684732440e+03
     2.736000000000e+05 7.450580596920e-08 1.178097891710e+00-1.490116119380e-07
     9.338192559030e-01 2.189375000000e+02 1.043006914590e+00-7.926758752750e-09
     6.160970914880e-10 1.000000000000e+00 2.347000000000e+03 0.000000000000e+00
     2.000000000000e+00 0.000000000000e+00 2.328306436540e-09 6.100000000000e+01
     2.664180000000e+05 4.000000000000e+00                                      
G10 2025 01 01 04 00 00-2.579186111690e-04-1.591615728100e-11 0.000000000000e+00
     2.800000000000e+01-1.036562500000e+02 4.203032216020e-09 6.724595944580e-01
    -5.220994353290e-06 1.011642289810e-02 1.739710569380e-06 5.153684766770e+03
     2.736000000000e+05-8.009374141690e-08-8.108553722720e-01 1.098960638050e-07
     9.872601287870e-01 3.608125000000e+02-2.334838159610e+00-8.314632052080e-09
    -4.075169747180e-10 1.000000000000e+00 2.347000000000e+03 0.000000000000e+00
     2.000000000000e+00 0.000000000000e+00 2.328306436540e-09 2.800000000000e+01
     2.664180000000e+05 4.000000000000e+00                                      
G23 2025 01 01 04 00 00 3.949869424100e-04 7.617018127350e-12 0.000000000000e+00
     1.420000000000e+02-1.073437500000e+02 4.253748614280e-09 1.847547140150e+00
    -5.485489964490e-06 4.990525310860e-03 1.706182956700e-06 5.153632480620e+03
     2.736000000000e+05-8.195638656620e-08-8.409065710880e-01 1.583248376850e-07
     9.823516889940e-01 3.600625000000e+02-2.866925595870e+00-8.244629136180e-09
    -3.235849071820e-10 1.000000000000e+00 2.347000000000e+03 0.000000000000e+00
     2.000000000000e+00 0.000000000000e+00-8.381903171540e-09 9.100000000000e+02
     2.664180000000e+05 4.000000000000e+00                                      
G15 2025 01 01 04 00 00 2.463576383890e-04 4.547473508860e-12 0.000000000000e+00
     6.300000000000e+01-1.210000000000e+02 4.527688596400e-09-2.295024222340e+00
    -6.200745701790e-06 1.611402572600e-02 1.004710793500e-05 5.153749879840e+03
     2.736000000000e+05 2.086162567140e-07 7.310737655280e-02-9.313225746150e-09
     9.380352760890e-01 1.689375000000e+02 1.386569805200e+00-7.684962966700e-09
     1.121475285380e-10 1.000000000000e+00 2.347000000000e+03 0.000000000000e+00
     2.000000000000e+00 0.000000000000e+00-1.024454832080e-08 6.300000000000e+01
     2.664180000000e+05 4.000000000000e+00                                      
G25 2025 01 01 04 00 00 4.973895847800e-04-5.684341886080e-13 0.000000000000e+00
     8.000000000000e+00-1.490625000000e+01 5.032352474820e-09 1.324989061560e+00
    -8.996576070790e-07 1.230104279240e-02 6.847083568570e-06 5.153679988860e+03
     2.736000000000e+05-2.197921276090e-07 2.306603060940e+00-2.048909664150e-08
     9.489140776690e-01 2.426875000000e+02 1.106288445330e+00-8.258915445550e-09
    -4.889489381140e-10 1.000000000000e+00 2.347000000000e+03 0.000000000000e+00
     2.000000000000e+00 0.000000000000e+00 5.587935447690e-09 8.000000000000e+00
     2.710680000000e+05 4.000000000000e+00                                      
G11 2025 01 01 04 59 44-7.525407709180e-04 4.547473508860e-13 0.000000000000e+00
     1.690000000000e+02 1.025625000000e+02 4.535903224290e-09-1.657907741210e+00
     5.448237061500e-06 1.752002164720e-03 2.114102244380e-06 5.153596231460e+03
     2.771840000000e+05 3.725290298460e-09-1.816382354930e+00 5.587935447690e-08
     9.657838857350e-01 3.413750000000e+02-2.348556216000e+00-8.276773332260e-09
     2.910835533700e-10 1.000000000000e+00 2.347000000000e+03 0.000000000000e+00
     2.000000000000e+00 0.000000000000e+00-8.847564458850e-09 1.690000000000e+02
     2.730480000000e+05 4.000000000000e+00                                      
G18 2025 01 01 04 59 44-6.592296995220e-04 1.023181539490e-12 0.000000000000e+00
     1.400000000000e+02 1.172500000000e+02 4.350895517980e-09-2.795054196380e+00
     6.094574928280e-06 4.797299508940e-03 2.149492502210e-06 5.153716968540e+03
     2.771840000000e+05-1.303851604460e-08-1.843619477210e+00-4.656612873080e-08
     9.740082327010e-01 3.496562500000e+02-2.934882211960e+00-8.123552664290e-09
     3.089414400800e-10 1.000000000000e+00 2.347000000000e+03 0.000000000000e+00
     2.000000000000e+00 0.000000000000e+00-8.381903171540e-09 6.520000000000e+02
     2.700180000000e+05 4.000000000000e+00                                      
G30 2025 01 01 05 59 44-2.489425241950e-04 8.299139153680e-12 0.000000000000e+00
     1.000000000000e+00 1.271875000000e+01 5.207002606840e-09 3.109300107740e+00
     5.699694156650e-07 7.237332873050e-03 7.353723049160e-06 5.153749338150e+03
     2.807840000000e+05 7.450580596920e-09 1.276299233110e+00-9.685754776000e-08
     9.351498281730e-01 2.234687500000e+02-2.454948491330e+00-8.069621846430e-09
     5.175215568500e-10 1.000000000000e+00 2.347000000000e+03 0.000000000000e+00
     2.000000000000e+00 0.000000000000e+00 3.725290298460e-09 1.000000000000e+00
     2.736180000000e+05 4.000000000000e+00                                      
G19 2025 01 01 05 59 44 5.808342248200e-04 4.661160346590e-12 0.000000000000e+00
     5.500000000000e+01 9.809375000000e+01 4.066597961560e-09 1.605160063280e+00
     5.088746547700e-06 1.001699571500e-02 1.095421612260e-05 5.153607088090e+03
     2.807840000000e+05 3.352761268620e-08-2.805887360770e+00 1.806765794750e-07
     9.652425329000e-01 1.693750000000e+02 2.699681225680e+00-7.586744589790e-09
    -2.835832409520e-10 1.000000000000e+00 2.347000000000e+03 0.000000000000e+00
     2.000000000000e+00 0.000000000000e+00-1.536682248120e-08 5.500000000000e+01
     2.771760000000e+05 4.000000000000e+00                                      
G08 2025 01 01 05 59 44 4.514460451901e-04 8.299139153678e-12 0.000000000000e+00
     5.600000000000e+01 8.396875000000e+01 4.438756320589e-09-2.377519072527e-01
     4.434958100319e-06 1.026615558658e-02 1.088529825211e-05 5.153734510422e+03
     2.807840000000e+05 1.210719347000e-07-2.948124006593e+00 3.911554813385e-08
     9.502479473555e-01 1.636562500000e+02 3.962382740574e-01-7.975332204599e-09
    -3.253706958526e-10 1.000000000000e+00 2.347000000000e+03 0.000000000000e+00
     2.000000000000e+00 0.000000000000e+00 4.656612873077e-09 5.600000000000e+01
     2.740680000000e+05 4.000000000000e+00                                      
G14 2025 01 01 06 00 00 5.714627914130e-04 7.389644451910e-12 0.000000000000e+00
     7.800000000000e+01-1.462500000000e+01 5.122356223840e-09 2.419331946910e+00
    -7.059425115590e-07 5.133440718050e-03 6.370246410370e-06 5.153692972180e+03
     2.808000000000e+05-1.285225152970e-07 2.347697000330e+00-1.303851604460e-08
     9.441843318560e-01 2.469062500000e+02-2.864340581590e+00-8.164268645990e-09
    -4.239462304910e-10 1.000000000000e+00 2.347000000000e+03 0.000000000000e+00
     2.000000000000e+00 0.000000000000e+00-7.916241884230e-09 3.340000000000e+02
     2.736180000000e+05 4.000000000000e+00                                      
G07 2025 01 01 06 00 00-1.410674303770e-05 6.821210263300e-13 0.000000000000e+00
     1.800000000000e+01 7.875000000000e+00 4.774841748470e-09-2.996878466760e+00
     2.961605787280e-07 1.889614702670e-02 7.312744855880e-06 5.153755168910e+03
     2.808000000000e+05 1.806765794750e-07 1.278967374790e+00-2.253800630570e-07
     9.499781764840e-01 2.295937500000e+02-2.086257067110e+00-7.665319291320e-09
     5.564517498770e-10 1.000000000000e+00 2.347000000000e+03 0.000000000000e+00
     2.000000000000e+00 0.000000000000e+00-1.071020960810e-08 1.800000000000e+01
     2.736180000000e+05 4.000000000000e+00                                      
G17 2025 01 01 06 00 00 4.943357780580e-04-1.682565198280e-11 0.000000000000e+00
     5.200000000000e+01 8.825000000000e+01 4.115171413410e-09-2.632119922250e-01
     4.375353455540e-06 1.338921871500e-02 1.133792102340e-05 5.153607345580e+03
     2.808000000000e+05-2.793967723850e-07-2.850064916420e+00-7.636845111850e-08
     9.660363693040e-01 1.660937500000e+02-1.246587024600e+00-7.878899616370e-09
    -1.710785546800e-10 1.000000000000e+00 2.347000000000e+03 0.000000000000e+00
     2.000000000000e+00 0.000000000000e+00-1.071020960810e-08 5.200000000000e+01
     2.736180000000e+05 4.000000000000e+00                                      
G09 2025 01 01 06 00 00 5.108662880960e-04 1.546140993010e-11 0.000000000000e+00
     9.800000000000e+01-1.205000000000e+02 4.133743615590e-09 3.352773951350e-01
    -6.321817636490e-06 3.196132718590e-03 1.052394509320e-05 5.153798984530e+03
     2.808000000000e+05-2.235174179080e-08 2.064511876810e-01-2.980232238770e-08
     9.607937697630e-01 1.766875000000e+02 2.032330091410e+00-7.766394930090e-09
     1.139333172090e-10 1.000000000000e+00 2.347000000000e+03 0.000000000000e+00
     2.000000000000e+00 0.000000000000e+00 9.313225746150e-10 9.800000000000e+01
     2.736180000000e+05 4.000000000000e+00                                      
G22 2025 01 01 06 00 00-8.984049782160e-05-2.160049916710e-12 0.000000000000e+00
     6.000000000000e+00-1.653125000000e+01 4.847701926240e-09 2.497408544580e-01
    -9.424984455110e-07 1.350740960330e-02 6.875023245810e-06 5.153665937420e+03
     2.808000000000e+05-6.332993507390e-08 2.416467886860e+00-1.899898052220e-07
     9.596453834590e-01 2.483437500000e+02-1.074324681550e+00-8.262129865160e-09
    -4.928776731910e-10 1.000000000000e+00 2.347000000000e+03 0.000000000000e+00
     2.000000000000e+00 6.300000000000e+01-1.117587089540e-08 6.000000000000e+00
     2.736180000000e+05 4.000000000000e+00                                      
G19 2025 01 01 06 00 00 5.808346904810e-04 4.661160346590e-12 0.000000000000e+00
     6.600000000000e+01 9.809375000000e+01 4.066597961560e-09 1.607493274250e+00
     5.088746547700e-06 1.001699210610e-02 1.095421612260e-05 5.153607090000e+03
     2.808000000000e+05 3.352761268620e-08-2.805887474880e+00 1.806765794750e-07
     9.652425197340e-01 1.693750000000e+02 2.699681816700e+00-7.586744589790e-09
    -2.835832409520e-10 1.000000000000e+00 2.347000000000e+03 0.000000000000e+00
     2.000000000000e+00 0.000000000000e+00-1.536682248120e-08 6.600000000000e+01
     2.736180000000e+05 4.000000000000e+00                                      
G11 2025 01 01 06 00 00-7.525393739340e-04 4.547473508860e-13 0.000000000000e+00
     1.700000000000e+02 1.108750000000e+02 4.559475634750e-09-1.131104287510e+00
     5.872920155530e-06 1.751777017490e-03 2.292916178700e-06 5.153594120030e+03
     2.808000000000e+05-5.587935447690e-09-1.816412325730e+00 2.793967723850e-08
     9.657850209600e-01 3.378125000000e+02-2.347911263700e+00-8.259272603280e-09
     3.017982853960e-10 1.000000000000e+00 2.347000000000e+03 0.000000000000e+00
     2.000000000000e+00 0.000000000000e+00-8.847564458850e-09 1.700000000000e+02
     2.736180000000e+05 4.000000000000e+00                                      
G13 2025 01 01 06 00 00 6.919954903420e-04 1.250555214940e-12 0.000000000000e+00
     1.270000000000e+02-7.600000000000e+01 3.985880313630e-09-5.171602868530e-01
    -3.993511199950e-06 8.808916434650e-03 1.064687967300e-05 5.153693826680e+03
     2.808000000000e+05-1.490116119380e-08 3.755336881080e-01 1.210719347000e-07
     9.731666261700e-01 1.798750000000e+02 9.701566722220e-01-7.761394721820e-09
     2.125088518470e-10 1.000000000000e+00 2.347000000000e+03 0.000000000000e+00
     2.000000000000e+00 0.000000000000e+00-1.117587089540e-08 1.270000000000e+02
     2.736180000000e+05 4.000000000000e+00                                      
G06 2025 01 01 06 00 00-8.659157902000e-05-2.762590156640e-11 0.000000000000e+00
     8.100000000000e+01 1.176250000000e+02 4.069098065700e-09-2.174472970040e+00
     6.251037120820e-06 3.431591903790e-03 3.295019268990e-06 5.153758556370e+03
     2.808000000000e+05-1.024454832080e-07-1.844619482660e+00 5.029141902920e-08
     9.891144169510e-01 3.329687500000e+02-7.314008315860e-01-7.963545999370e-09
     3.150131215610e-10 1.000000000000e+00 2.347000000000e+03 0.000000000000e+00
     2.000000000000e+00 0.000000000000e+00 3.725290298460e-09 8.100000000000e+01
     2.736180000000e+05 4.000000000000e+00                                      
G02 2025 01 01 06 00 00-2.785185351970e-04 8.981260180010e-12 0.000000000000e+00
     6.300000000000e+01 1.290937500000e+02 4.548046587250e-09-1.074535229110e-01
     6.595626473430e-06 1.654659130140e-02 3.827735781670e-06 5.153677499770e+03
     2.808000000000e+05-1.601874828340e-07-1.947876023800e+00-2.775341272350e-07
     9.663928283120e-01 3.112812500000e+02-1.063894240950e+00-8.490710815040e-09
     3.435857402970e-10 1.000000000000e+00 2.347000000000e+03 0.000000000000e+00
     2.000000000000e+00 0.000000000000e+00-1.769512891770e-08 6.300000000000e+01
     2.736180000000e+05 4.000000000000e+00                                      
G20 2025 01 01 06 00 00 3.674253821370e-04-3.410605131650e-13 0.000000000000e+00
     7.100000000000e+01-6.703125000000e+01 4.901275586370e-09-1.885205979650e+00
    -3.341585397720e-06 3.832832910120e-03-9.872019290920e-08 5.153672313690e+03
     2.808000000000e+05 9.872019290920e-08-9.952508623650e-01 3.166496753690e-08
     9.566332760960e-01 3.778437500000e+02-2.376858572330e+00-8.499996916130e-09
    -7.071723137080e-11 1.000000000000e+00 2.347000000000e+03 0.000000000000e+00
     2.800000000000e+00 0.000000000000e+00-8.381903171540e-09 7.100000000000e+01
     2.749380000000e+05 4.000000000000e+00                                      
G15 2025 01 01 06 00 00 2.463902346790e-04 4.547473508860e-12 0.000000000000e+00
     6.400000000000e+01-1.106250000000e+02 4.791271004240e-09-1.244889496880e+00
    -5.614012479780e-06 1.611492969100e-02 9.775161743160e-06 5.153749483110e+03
     2.808000000000e+05-7.264316082000e-08 7.305166863240e-02 4.172325134280e-07
     9.380334927920e-01 1.777500000000e+02 1.386570889230e+00-8.183198005900e-09
    -2.535819912790e-11 1.000000000000e+00 2.347000000000e+03 0.000000000000e+00
     2.000000000000e+00 0.000000000000e+00-1.024454832080e-08 6.400000000000e+01
     2.785620000000e+05 4.000000000000e+00                                      
G03 2025 01 01 06 00 00 6.370777264237e-04 7.958078640513e-12 0.000000000000e+00
     1.880000000000e+02-1.042812500000e+02 4.094813422558e-09 2.742595604230e+00
    -5.457550287247e-06 5.664772703312e-03 1.337379217148e-06 5.153603897095e+03
     2.808000000000e+05-1.862645149231e-08-8.083880000107e-01-9.313225746155e-08
     9.876375002090e-01 3.654062500000e+02 1.146204175365e+00-8.059264272135e-09
    -2.739399821284e-10 1.000000000000e+00 2.347000000000e+03 0.000000000000e+00
     2.000000000000e+00 0.000000000000e+00 1.396984000000e-09 1.880000000000e+02
     2.736000000000e+05 4.000000000000e+00                                      
G04 2025 01 01 06 00 00 5.050171166658e-04 6.025402399246e-12 0.000000000000e+00
     1.400000000000e+01-1.146562500000e+02 3.961950745437e-09-5.550694389501e-01
    -6.055459380150e-06 3.233871655539e-03 1.083873212337e-05 5.153686868668e+03
     2.808000000000e+05 7.078051567078e-08 2.676115310944e-01 1.117587089539e-08
     9.669871592623e-01 1.736875000000e+02-2.967142428775e+00-7.643532669530e-09
     1.428630936784e-10 1.000000000000e+00 2.347000000000e+03 0.000000000000e+00
     2.000000000000e+00 0.000000000000e+00-4.656613000000e-09 7.820000000000e+02
     2.736300000000e+05 4.000000000000e+00                                      
G05 2025 01 01 06 00 00-1.977137289941e-04-1.136868377216e-12 0.000000000000e+00
     1.050000000000e+02-8.900000000000e+01 4.441613582463e-09 9.989059339274e-02
    -4.470348358154e-06 5.603166879155e-03 1.590698957443e-06 5.153729492188e+03
     2.808000000000e+05 0.000000000000e+00-8.625798297065e-01-1.676380634308e-08
     9.744610321791e-01 3.548125000000e+02 1.330122874122e+00-8.384634967987e-09
    -2.328668426958e-10 1.000000000000e+00 2.347000000000e+03 0.000000000000e+00
     2.000000000000e+00 0.000000000000e+00-1.071021000000e-08 1.050000000000e+02
     2.772000000000e+05 4.000000000000e+00                                      
G16 2025 01 01 06 00 00-8.891802281141e-05 9.436007530894e-12 0.000000000000e+00
     4.400000000000e+01-6.843750000000e+00 4.698052835615e-09 7.748276615622e-01
    -1.862645149231e-07 1.445877458900e-02 7.307156920433e-06 5.153663356781e+03
     2.808000000000e+05-2.048909664154e-07 2.413167458819e+00 8.568167686462e-08
     9.602822443642e-01 2.412500000000e+02 8.647870775787e-01-8.083908155794e-09
    -6.435982370213e-10 1.000000000000e+00 2.347000000000e+03 0.000000000000e+00
     2.000000000000e+00 0.000000000000e+00-1.071021000000e-08 4.400000000000e+01
     2.736000000000e+05 4.000000000000e+00                                      
G26 2025 01 01 06 00 00-3.062887117267e-05-1.477928890381e-11 0.000000000000e+00
     7.900000000000e+01-1.378125000000e+01 5.528801725355e-09 1.589209617302e+00
    -6.817281246185e-07 9.794937330298e-03 6.277114152908e-06 5.153744323730e+03
     2.808000000000e+05-1.303851604462e-07 2.239983032650e+00 6.891787052155e-08
     9.296188889410e-01 2.452187500000e+02 6.027579511738e-01-8.433208419838e-09
    -4.903775690512e-10 1.000000000000e+00 2.347000000000e+03 0.000000000000e+00
     2.000000000000e+00 0.000000000000e+00 6.519258000000e-09 7.900000000000e+01
     2.736300000000e+05 4.000000000000e+00                                      
G29 2025 01 01 06 00 00-5.510556511581e-04 3.296918293927e-12 0.000000000000e+00
     3.500000000000e+01 9.890625000000e+01 3.951593171145e-09-2.998975025862e-01
     5.071982741356e-06 2.884908230044e-03 1.054629683495e-05 5.153731323242e+03
     2.808000000000e+05 5.215406417847e-08-2.834491695568e+00-4.097819328308e-08
     9.685433134995e-01 1.785625000000e+02 2.645899816188e+00-7.666747922253e-09
    -1.528635102359e-10 1.000000000000e+00 2.347000000000e+03 0.000000000000e+00
     2.000000000000e+00 0.000000000000e+00-9.778887000000e-09 3.500000000000e+01
     2.757300000000e+05 4.000000000000e+00                                      
G31 2025 01 01 06 00 00-2.188291400671e-04 7.958078640513e-13 0.000000000000e+00
     6.300000000000e+01 1.090625000000e+01 4.887703592473e-09 2.236527975636e+00
     3.278255462646e-07 1.070310059004e-02 7.295981049538e-06 5.153597967148e+03
     2.808000000000e+05-9.126961231232e-08 1.301405005176e+00-1.341104507446e-07
     9.538733772721e-01 2.383125000000e+02 7.911470291465e-01-7.954617056015e-09
     4.607334771129e-10 1.000000000000e+00 2.347000000000e+03 0.000000000000e+00
     2.000000000000e+00 0.000000000000e+00-1.350418000000e-08 6.300000000000e+01
     2.736000000000e+05 4.000000000000e+00                                      
G01 2025 01 01 06 00 00 9.430572390556e-06 3.626610123320e-11 0.000000000000e+00
     4.200000000000e+01 1.183750000000e+02 4.737697344111e-09-1.385250734396e-02
     6.031244993210e-06 2.099274424836e-04 1.713633537292e-06 5.153750480652e+03
     2.808000000000e+05 0.000000000000e+00-1.783078218788e+00-4.284083843231e-08
     9.596509308446e-01 3.466875000000e+02-1.311092066876e+00-8.423565161015e-09
     3.064413359402e-10 1.000000000000e+00 2.347000000000e+03 0.000000000000e+00
     2.000000000000e+00 6.300000000000e+01-1.396983861923e-09 4.200000000000e+01
     2.736180000000e+05 4.000000000000e+00                                      
G21 2025 01 01 06 00 00 9.947456419468e-05 1.818989403546e-12 0.000000000000e+00
     7.800000000000e+01 1.232812500000e+02 4.717339353262e-09-4.054583620654e-01
     6.323680281639e-06 2.585993346293e-02 3.453344106674e-06 5.153619886398e+03
     2.808000000000e+05 1.601874828339e-07-1.956372505716e+00-5.252659320831e-07
     9.606380640770e-01 3.149687500000e+02-4.683952571026e-01-8.606787078657e-09
     3.996595045654e-10 1.000000000000e+00 2.347000000000e+03 0.000000000000e+00
     2.000000000000e+00 0.000000000000e+00-1.024454832077e-08 7.800000000000e+01
     2.736180000000e+05 4.000000000000e+00                                      
G08 2025 01 01 06 00 00 4.514469765127e-04 8.299139153678e-12 0.000000000000e+00
     5.400000000000e+01 8.396875000000e+01 4.438756320589e-09-2.354172977325e-01
     4.434958100319e-06 1.026616210584e-02 1.088529825211e-05 5.153734498978e+03
     2.808000000000e+05 1.210719347000e-07-2.948124113386e+00 3.911554813385e-08
     9.502479341892e-01 1.636562500000e+02 3.962373816774e-01-7.975332204599e-09
    -3.253706958526e-10 1.000000000000e+00 2.347000000000e+03 0.000000000000e+00
     2.000000000000e+00 0.000000000000e+00 4.656612873077e-09 5.400000000000e+01
     2.736180000000e+05 4.000000000000e+00                                      
G27 2025 01 01 06 00 00-3.360118716955e-05 4.547473508865e-13 0.000000000000e+00
     4.500000000000e+01 9.487500000000e+01 4.265534819504e-09-1.495396455208e-01
     5.027279257774e-06 1.311271754093e-02 1.081451773643e-05 5.153691253662e+03
     2.808000000000e+05 2.607703208923e-08-2.919791493675e+00 1.545995473862e-07
     9.593055636816e-01 1.735937500000e+02 8.048930638497e-01-7.939616431179e-09
    -2.971552348511e-10 1.000000000000e+00 2.347000000000e+03 0.000000000000e+00
     2.000000000000e+00 0.000000000000e+00 1.862645149231e-09 4.500000000000e+01
     2.755380000000e+05 4.000000000000e+00                                      
G18 2025 01 01 06 00 00-6.592264398930e-04 1.023181539490e-12 0.000000000000e+00
     1.410000000000e+02 1.099687500000e+02 4.364467511880e-09-2.267748132310e+00
     5.625188350680e-06 4.798077512530e-03 2.142041921620e-06 5.153715282440e+03
     2.808000000000e+05 9.313225746150e-09-1.843648957940e+00-6.519258022310e-08
     9.740093284270e-01 3.495625000000e+02-2.934777607460e+00-8.137838973660e-09
     3.217991185110e-10 1.000000000000e+00 2.347000000000e+03 0.000000000000e+00
     2.000000000000e+00 0.000000000000e+00-8.381903171540e-09 6.530000000000e+02
     2.736180000000e+05 4.000000000000e+00                                      
G32 2025 01 01 06 00 00-5.495063960550e-04 6.593836587850e-12 0.000000000000e+00
     1.060000000000e+02-1.022187500000e+02 4.165887811660e-09 4.376950580870e-01
    -5.226582288740e-06 8.255108143200e-03 1.124292612080e-05 5.153779512410e+03
     2.808000000000e+05-1.080334186550e-07 2.219256425400e-01 7.636845111850e-08
     9.640817044780e-01 1.663750000000e+02-2.114319263480e+00-7.868184884340e-09
     9.071806448580e-11 1.000000000000e+00 2.347000000000e+03 0.000000000000e+00
     2.000000000000e+00 0.000000000000e+00 9.313225746150e-10 1.060000000000e+02
     2.736180000000e+05 4.000000000000e+00                                      
G12 2025 01 01 06 00 00-5.618310533460e-04-2.273736754430e-12 0.000000000000e+00
     1.800000000000e+01-1.809375000000e+01 4.590548357620e-09 2.555252255210e+00
    -9.201467037200e-07 8.983075036670e-03 7.003545761110e-06 5.153762491230e+03
     2.808000000000e+05 7.636845111850e-08 2.395576721800e+00-4.470348358150e-08
     9.609056127760e-01 2.414375000000e+02 1.463910432190e+00-7.800324914840e-09
    -5.146642949770e-10 1.000000000000e+00 2.347000000000e+03 0.000000000000e+00
     2.000000000000e+00 0.000000000000e+00-1.257285475730e-08 1.800000000000e+01
     2.736180000000e+05 4.000000000000e+00                                      
G10 2025 01 01 06 00 00-2.580331638460e-04-1.591615728100e-11 0.000000000000e+00
     2.900000000000e+01-1.081250000000e+02 4.172316650880e-09 1.722545016650e+00
    -5.640089511870e-06 1.011684688270e-02 2.214685082440e-06 5.153686594010e+03
     2.808000000000e+05-3.147870302200e-07-8.109158449170e-01 1.676380634310e-08
     9.872579461130e-01 3.555625000000e+02-2.334751876700e+00-8.185698110040e-09
    -2.592965150260e-10 1.000000000000e+00 2.347000000000e+03 0.000000000000e+00
     2.000000000000e+00 0.000000000000e+00 2.328306436540e-09 2.900000000000e+01
     2.736180000000e+05 4.000000000000e+00                                      
G24 2025 01 01 06 00 00-4.684110172090e-04 3.637978807090e-12 0.000000000000e+00
     6.200000000000e+01 1.993750000000e+01 5.128070747590e-09-2.114708970230e+00
     1.022592186930e-06 1.641402498350e-02 7.551163434980e-06 5.153685182570e+03
     2.808000000000e+05 1.732259988780e-07 1.178040614070e+00-1.266598701480e-07
     9.338238509290e-01 2.174375000000e+02 1.043004395450e+00-7.954617056020e-09
     6.353836091350e-10 1.000000000000e+00 2.347000000000e+03 0.000000000000e+00
     2.000000000000e+00 0.000000000000e+00 2.328306436540e-09 6.200000000000e+01
     2.736180000000e+05 4.000000000000e+00                                      
G23 2025 01 01 06 00 00 3.950414247810e-04 7.617018127350e-12 0.000000000000e+00
     1.430000000000e+02-1.024687500000e+02 4.190888853060e-09 2.897868484220e+00
    -5.286186933520e-06 4.991274094210e-03 1.916661858560e-06 5.153630712510e+03
     2.808000000000e+05-9.685754776000e-08-8.409658894910e-01-7.450580596920e-08
     9.823505259740e-01 3.550312500000e+02-2.867042213850e+00-8.054264063860e-09
    -2.282237921510e-10 1.000000000000e+00 2.347000000000e+03 0.000000000000e+00
     2.000000000000e+00 0.000000000000e+00-8.381903171540e-09 9.110000000000e+02
     2.736180000000e+05 4.000000000000e+00                                      
G28 2025 01 01 06 00 00-5.238363519310e-04-1.011812855720e-11 0.000000000000e+00
     1.820000000000e+02 1.200000000000e+01 4.733054293570e-09 2.056465593300e+00
     5.885958671570e-07 4.457168979570e-04 7.424503564830e-06 5.153780998230e+03
     2.808000000000e+05 1.490116119380e-08 1.248393299790e+00 4.097819328310e-08
     9.610506918250e-01 2.379062500000e+02 1.421239765550e+00-7.969260523120e-09
     5.110927176350e-10 1.000000000000e+00 2.347000000000e+03 0.000000000000e+00
     2.000000000000e+00 0.000000000000e+00-9.313225746150e-09 6.940000000000e+02
     2.736180000000e+05 4.000000000000e+00                                      
G25 2025 01 01 06 00 00 4.973858594890e-04-5.684341886080e-13 0.000000000000e+00
     1.100000000000e+01-1.837500000000e+01 4.873417283110e-09 2.375098570700e+00
    -1.102685928340e-06 1.230089936870e-02 6.394460797310e-06 5.153681619640e+03
     2.808000000000e+05 5.029141902920e-08 2.306544345260e+00-1.750886440280e-07
     9.489120968780e-01 2.480625000000e+02 1.106358644920e+00-7.956760002420e-09
    -4.435899058720e-10 1.000000000000e+00 2.347000000000e+03 0.000000000000e+00
     2.000000000000e+00 0.000000000000e+00 5.587935447690e-09 1.100000000000e+01
     2.736180000000e+05 4.000000000000e+00                                      
G28 2025 01 01 07 14 40-5.238810554150e-04-1.011812855720e-11 0.000000000000e+00
     1.830000000000e+02 1.631250000000e+01 4.724839665680e-09 2.709011674760e+00
     8.568167686460e-07 4.452946595850e-04 7.366761565210e-06 5.153782051090e+03
     2.852800000000e+05 3.725290298460e-09 1.248357636770e+00 4.656612873080e-08
     9.610529973830e-01 2.387500000000e+02 1.422099478620e+00-7.963903157100e-09
     5.057353516220e-10 1.000000000000e+00 2.347000000000e+03 0.000000000000e+00
     2.000000000000e+00 0.000000000000e+00-9.313225746150e-09 6.950000000000e+02
     2.781180000000e+05 4.000000000000e+00                                      
G19 2025 01 01 07 59 44 5.808672867720e-04 4.661160346590e-12 0.000000000000e+00
     5.600000000000e+01 1.053750000000e+02 3.938735492710e-09 2.655202349870e+00
     5.474314093590e-06 1.001673156860e-02 1.142360270020e-05 5.153610099790e+03
     2.879840000000e+05-8.568167686460e-08-2.805942031480e+00 1.695007085800e-07
     9.652404775000e-01 1.552812500000e+02 2.699855064230e+00-7.551028816370e-09
    -2.607251459630e-10 1.000000000000e+00 2.347000000000e+03 0.000000000000e+00
     2.000000000000e+00 0.000000000000e+00-1.536682248120e-08 5.600000000000e+01
     2.808180000000e+05 4.000000000000e+00                                      
G20 2025 01 01 07 59 44 3.674221225080e-04-3.410605131650e-13 0.000000000000e+00
     2.900000000000e+01-5.384375000000e+01 4.985921969380e-09-8.378088830170e-01
    -2.652406692500e-06 3.832831280310e-03-6.519258022310e-08 5.153669078830e+03
     2.879840000000e+05 4.097819328310e-08-9.953118938440e-01 1.229345798490e-07
     9.566324510100e-01 3.784375000000e+02-2.376403272720e+00-8.573571409380e-09
    -8.964659128320e-11 1.000000000000e+00 2.347000000000e+03 0.000000000000e+00
     2.000000000000e+00 0.000000000000e+00-8.381903171540e-09 2.900000000000e+01
     2.834160000000e+05 4.000000000000e+00                                      
G08 2025 01 01 07 59 44 4.515056498349e-04 8.299139153678e-12 0.000000000000e+00
     6.000000000000e+01 8.678125000000e+01 4.370896351092e-09 8.123940651194e-01
     4.626810550690e-06 1.026669831481e-02 1.071766018867e-05 5.153735504150e+03
     2.879840000000e+05-1.676380634308e-08-2.948180511803e+00 1.527369022369e-07
     9.502456944617e-01 1.670625000000e+02 3.962343446595e-01-7.865684780200e-09
    -4.193031799462e-10 1.000000000000e+00 2.347000000000e+03 0.000000000000e+00
     2.000000000000e+00 0.000000000000e+00 4.656613000000e-09 6.000000000000e+01
     2.832600000000e+05 4.000000000000e+00                                      
G03 2025 01 01 07 59 44 6.371354684234e-04 7.958078640513e-12 0.000000000000e+00
     5.000000000000e+00-1.086875000000e+02 4.158387499245e-09-2.492630967194e+00
    -5.533918738365e-06 5.664719035849e-03 1.670792698860e-06 5.153604104996e+03
     2.879840000000e+05 8.195638656616e-08-8.084466030460e-01 2.235174179077e-08
     9.876357988353e-01 3.614062500000e+02 1.146133143377e+00-8.093194256883e-09
    -1.607209803882e-10 1.000000000000e+00 2.347000000000e+03 0.000000000000e+00
     2.000000000000e+00 0.000000000000e+00 1.396983861923e-09 5.000000000000e+00
     2.830980000000e+05 4.000000000000e+00                                      
G16 2025 01 01 07 59 44-8.884910494090e-05 9.436007530890e-12 0.000000000000e+00
     1.800000000000e+01-1.578125000000e+01 4.683409368510e-09 1.822591911140e+00
    -9.909272193910e-07 1.445907633750e-02 7.558614015580e-06 5.153665895460e+03
     2.879840000000e+05-2.570450305940e-07 2.413109101550e+00-1.303851604460e-07
     9.602780121420e-01 2.385937500000e+02 8.648771670000e-01-7.970331996320e-09
    -5.893102614240e-10 1.000000000000e+00 2.347000000000e+03 0.000000000000e+00
     2.000000000000e+00 0.000000000000e+00-1.071020960810e-08 1.800000000000e+01
     2.841360000000e+05 4.000000000000e+00                                      
G29 2025 01 01 07 59 44-5.510328337550e-04 3.296918293927e-12 0.000000000000e+00
     3.800000000000e+01 9.234375000000e+01 3.934092442170e-09 7.481459785516e-01
     4.855915904045e-06 2.884687157348e-03 1.096911728382e-05 5.153730625153e+03
     2.879840000000e+05 8.009374141693e-08-2.834546758342e+00-3.725290298462e-09
     9.685421548684e-01 1.715625000000e+02 2.645663617823e+00-7.669248026393e-09
    -1.646497154644e-10 1.000000000000e+00 2.347000000000e+03 0.000000000000e+00
     2.000000000000e+00 0.000000000000e+00-9.778887033463e-09 3.800000000000e+01
     2.876160000000e+05 4.000000000000e+00                                      
G14 2025 01 01 08 00 00 5.715158768000e-04 7.389644451910e-12 0.000000000000e+00
     7.900000000000e+01-1.375000000000e+01 5.052710465670e-09-2.813641540490e+00
    -6.966292858120e-07 5.133921047670e-03 6.653368473050e-06 5.153692008970e+03
     2.880000000000e+05-2.048909664150e-08 2.347638648920e+00-3.911554813390e-08
     9.441817746750e-01 2.431250000000e+02-2.864378781310e+00-8.060692903070e-09
    -4.185888644780e-10 1.000000000000e+00 2.347000000000e+03 0.000000000000e+00
     2.000000000000e+00 0.000000000000e+00-7.916241884230e-09 3.350000000000e+02
     2.808180000000e+05 4.000000000000e+00                                      
G17 2025 01 01 08 00 00 4.942142404620e-04-1.682565198280e-11 0.000000000000e+00
     5.300000000000e+01 9.306250000000e+01 4.069455223430e-09 7.870423618960e-01
     4.801899194720e-06 1.338894292710e-02 1.134723424910e-05 5.153606595990e+03
     2.880000000000e+05-1.564621925350e-07-2.850121466980e+00-2.328306436540e-07
     9.660346313570e-01 1.617500000000e+02-1.246623481980e+00-7.886042771050e-09
    -2.546534644820e-10 1.000000000000e+00 2.347000000000e+03 0.000000000000e+00
     2.000000000000e+00 0.000000000000e+00-1.071020960810e-08 5.300000000000e+01
     2.808180000000e+05 4.000000000000e+00                                      
G15 2025 01 01 08 00 00 2.464228309690e-04 4.547473508860e-12 0.000000000000e+00
     6.500000000000e+01-1.168750000000e+02 4.923776523630e-09-1.947386837160e-01
    -5.977228283880e-06 1.611405389850e-02 9.411945939060e-06 5.153748502730e+03
     2.880000000000e+05-1.806765794750e-07 7.299086244240e-02 1.080334186550e-07
     9.380328300900e-01 1.875625000000e+02 1.386556921280e+00-8.420707899140e-09
     5.893102614240e-11 1.000000000000e+00 2.347000000000e+03 0.000000000000e+00
     2.000000000000e+00 0.000000000000e+00-1.024454832080e-08 6.500000000000e+01
     2.808180000000e+05 4.000000000000e+00                                      
G30 2025 01 01 08 00 00-2.488824538890e-04 8.299139153680e-12 0.000000000000e+00
     3.600000000000e+01 9.718750000000e+00 5.220574600740e-09-2.121431625940e+00
     3.837049007420e-07 7.237758487460e-03 7.234513759610e-06 5.153748504640e+03
     2.880000000000e+05 7.078051567080e-08 1.276240638850e+00-6.705522537230e-08
     9.351536668700e-01 2.249062500000e+02-2.454928231370e+00-8.093551414620e-09
     5.657378509670e-10 1.000000000000e+00 2.347000000000e+03 0.000000000000e+00
     2.000000000000e+00 0.000000000000e+00 3.725290298460e-09 3.600000000000e+01
     2.808180000000e+05 4.000000000000e+00                                      
G11 2025 01 01 08 00 00-7.525361143050e-04 4.547473508860e-13 0.000000000000e+00
     1.710000000000e+02 1.172500000000e+02 4.560547107950e-09-8.125017315010e-02
     6.090849637990e-06 1.751758507450e-03 2.704560756680e-06 5.153593379970e+03
     2.880000000000e+05-4.470348358150e-08-1.816472044970e+00-7.450580596920e-09
     9.657869929730e-01 3.323125000000e+02-2.347534541810e+00-8.311060474740e-09
     3.117987019530e-10 1.000000000000e+00 2.347000000000e+03 0.000000000000e+00
     2.000000000000e+00 0.000000000000e+00-8.847564458850e-09 1.710000000000e+02
     2.808180000000e+05 4.000000000000e+00                                      
G20 2025 01 01 08 00 00 3.674235194920e-04-3.410605131650e-13 0.000000000000e+00
     7.200000000000e+01-5.384375000000e+01 4.985921969380e-09-8.354754774790e-01
    -2.652406692500e-06 3.832828952000e-03-6.519258022310e-08 5.153669075010e+03
     2.880000000000e+05 4.097819328310e-08-9.953120255070e-01 1.229345798490e-07
     9.566324436950e-01 3.784375000000e+02-2.376402953810e+00-8.573571409380e-09
    -8.964659128320e-11 1.000000000000e+00 2.347000000000e+03 0.000000000000e+00
     2.800000000000e+00 0.000000000000e+00-8.381903171540e-09 7.200000000000e+01
     2.808180000000e+05 4.000000000000e+00                                      
G13 2025 01 01 08 00 00 6.920048035680e-04 1.250555214940e-12 0.000000000000e+00
     1.280000000000e+02-8.918750000000e+01 4.093027633890e-09 5.330020833680e-01
    -4.483386874200e-06 8.806959143840e-03 1.050345599650e-05 5.153690092090e+03
     2.880000000000e+05-5.029141902920e-08 3.754778514510e-01 8.754432201390e-08
     9.731681271240e-01 1.844062500000e+02 9.701606235640e-01-7.759966090880e-09
     1.935794919340e-10 1.000000000000e+00 2.347000000000e+03 0.000000000000e+00
     2.000000000000e+00 0.000000000000e+00-1.117587089540e-08 1.280000000000e+02
     2.808180000000e+05 4.000000000000e+00                                      
G06 2025 01 01 08 00 00-8.679088205100e-05-2.762590156640e-11 0.000000000000e+00
     8.200000000000e+01 1.257187500000e+02 3.996237887920e-09-1.124024906550e+00
     6.286427378650e-06 3.431600751360e-03 3.347173333170e-06 5.153760629650e+03
     2.880000000000e+05-4.842877388000e-08-1.844677683400e+00-6.705522537230e-08
     9.891165776810e-01 3.319687500000e+02-7.317235674070e-01-8.060335745340e-09
     3.807301446530e-10 1.000000000000e+00 2.347000000000e+03 0.000000000000e+00
     2.000000000000e+00 0.000000000000e+00 3.725290298460e-09 8.200000000000e+01
     2.808180000000e+05 4.000000000000e+00                                      
G22 2025 01 01 08 00 00-8.985633030530e-05-2.160049916710e-12 0.000000000000e+00
     7.000000000000e+00-1.384375000000e+01 4.745554814260e-09 1.299952915620e+00
    -8.959323167800e-07 1.350701448970e-02 6.796792149540e-06 5.153664968490e+03
     2.880000000000e+05 2.831220626830e-07 2.416408923940e+00-2.719461917880e-07
     9.596432490620e-01 2.457187500000e+02-1.074348436410e+00-7.955331371480e-09
    -4.685909472650e-10 1.000000000000e+00 2.347000000000e+03 0.000000000000e+00
     2.000000000000e+00 6.300000000000e+01-1.117587089540e-08 7.000000000000e+00
     2.808180000000e+05 4.000000000000e+00                                      
G07 2025 01 01 08 00 00-1.410162076350e-05 6.821210263300e-13 0.000000000000e+00
     2.700000000000e+01 1.096875000000e+01 4.809486048680e-09-1.946776579420e+00
     5.029141902920e-07 1.889675913840e-02 6.986781954770e-06 5.153753599170e+03
     2.880000000000e+05 3.147870302200e-07 1.278911927270e+00-1.229345798490e-07
     9.499824760000e-01 2.351250000000e+02-2.086225437350e+00-7.706035273010e-09
     5.918103655630e-10 1.000000000000e+00 2.347000000000e+03 0.000000000000e+00
     2.000000000000e+00 0.000000000000e+00-1.071020960810e-08 2.700000000000e+01
     2.808480000000e+05 4.000000000000e+00                                      
G05 2025 01 01 08 00 00-1.977216452360e-04-1.136868377220e-12 0.000000000000e+00
     1.060000000000e+02-7.993750000000e+01 4.548760902720e-09 1.150240486300e+00
    -4.181638360020e-06 5.601359531280e-03 1.151114702220e-06 5.153725452420e+03
     2.880000000000e+05-7.823109626770e-08-8.626404530320e-01 0.000000000000e+00
     9.744596658140e-01 3.671250000000e+02 1.329921256220e+00-8.348919194570e-09
    -1.707213969460e-10 1.000000000000e+00 2.347000000000e+03 0.000000000000e+00
     2.000000000000e+00 0.000000000000e+00-1.071020960810e-08 1.060000000000e+02
     2.809680000000e+05 4.000000000000e+00                                      
G24 2025 01 01 08 00 00-4.683849401770e-04 3.637978807090e-12 0.000000000000e+00
     6.500000000000e+01 1.528125000000e+01 5.306292456950e-09-1.064489623740e+00
     9.573996067050e-07 1.641394419130e-02 7.553026080130e-06 5.153686447140e+03
     2.880000000000e+05 1.639127731320e-07 1.177983490050e+00 3.464519977570e-07
     9.338261842830e-01 2.189687500000e+02 1.042962516490e+00-8.366777081280e-09
     4.496615873530e-10 1.000000000000e+00 2.347000000000e+03 0.000000000000e+00
     2.000000000000e+00 0.000000000000e+00 2.328306436540e-09 6.500000000000e+01
     2.811720000000e+05 4.000000000000e+00                                      
G12 2025 01 01 08 00 00-5.618473514910e-04-2.273736754430e-12 0.000000000000e+00
     2.000000000000e+01-2.031250000000e+01 4.662337062200e-09-2.677801819960e+00
    -9.648501873020e-07 8.984282379970e-03 6.690621376040e-06 5.153760238650e+03
     2.880000000000e+05 9.126961231230e-08 2.395520358490e+00 1.862645149230e-09
     9.609020096090e-01 2.498437500000e+02 1.463907360060e+00-7.804967965390e-09
    -4.789485215570e-10 1.000000000000e+00 2.347000000000e+03 0.000000000000e+00
     2.000000000000e+00 0.000000000000e+00-1.257285475730e-08 2.000000000000e+01
     2.861460000000e+05 4.000000000000e+00                                      
G04 2025 01 01 08 00 00 5.050599575043e-04 6.025402399246e-12 0.000000000000e+00
     1.500000000000e+01-1.128125000000e+02 4.093741949356e-09 4.950092479678e-01
    -5.880370736122e-06 3.232926013879e-03 1.102872192860e-05 5.153685071945e+03
     2.880000000000e+05-2.048909664154e-08 2.675560982026e-01 7.450580596924e-09
     9.669877970946e-01 1.659062500000e+02-2.967050869121e+00-7.730679156674e-09
     1.450060400836e-10 1.000000000000e+00 2.347000000000e+03 0.000000000000e+00
     2.000000000000e+00 0.000000000000e+00-4.656613000000e-09 7.830000000000e+02
     2.808300000000e+05 4.000000000000e+00                                      
G09 2025 01 01 08 00 00 5.109775811434e-04 1.546140993014e-11 0.000000000000e+00
     9.900000000000e+01-1.236562500000e+02 4.189460222120e-09 1.385706459710e+00
    -6.509944796562e-06 3.195880213752e-03 1.083128154278e-05 5.153797182083e+03
     2.880000000000e+05 9.313225746155e-09 2.063953188392e-01-5.215406417847e-08
     9.607947133449e-01 1.671250000000e+02 2.032002674256e+00-7.740322415498e-09
     1.182192100189e-10 1.000000000000e+00 2.347000000000e+03 0.000000000000e+00
     2.000000000000e+00 0.000000000000e+00 9.313226000000e-10 9.900000000000e+01
     2.841000000000e+05 4.000000000000e+00                                      
G16 2025 01 01 08 00 00-8.885003626347e-05 9.436007530894e-12 0.000000000000e+00
     8.600000000000e+01-1.578125000000e+01 4.683409368513e-09 1.824925819920e+00
    -9.890645742416e-07 1.445907796733e-02 7.558614015579e-06 5.153665889740e+03
     2.880000000000e+05-2.570450305939e-07 2.413108969892e+00-1.303851604462e-07
     9.602779960501e-01 2.385937500000e+02 8.648770485035e-01-7.970331996320e-09
    -5.889531036893e-10 1.000000000000e+00 2.347000000000e+03 0.000000000000e+00
     2.000000000000e+00 0.000000000000e+00-1.071021000000e-08 8.600000000000e+01
     2.808000000000e+05 4.000000000000e+00                                      
G18 2025 01 01 08 00 00-6.592194549739e-04 1.023181539495e-12 0.000000000000e+00
     1.420000000000e+02 1.079062500000e+02 4.220175787261e-09-1.217153166972e+00
     5.546957254410e-06 4.797783098184e-03 2.574175596237e-06 5.153719308853e+03
     2.880000000000e+05 4.470348358154e-08-1.843707742377e+00-2.235174179077e-08
     9.740117963695e-01 3.342500000000e+02-2.935219743730e+00-8.147482232481e-09
     3.525146836515e-10 1.000000000000e+00 2.347000000000e+03 0.000000000000e+00
     2.000000000000e+00 0.000000000000e+00-8.381903000000e-09 6.540000000000e+02
     2.838900000000e+05 4.000000000000e+00                                      
G27 2025 01 01 08 00 00-3.359792754054e-05 4.547473508865e-13 0.000000000000e+00
     4.700000000000e+01 9.134375000000e+01 4.209461055235e-09 9.006107287718e-01
     4.786998033524e-06 1.311254373286e-02 1.086108386517e-05 5.153691127777e+03
     2.880000000000e+05-1.192092895508e-07-2.919847779449e+00 8.381903171539e-08
     9.593031513297e-01 1.711562500000e+02 8.049108704886e-01-7.880685405037e-09
    -4.175173912752e-10 1.000000000000e+00 2.347000000000e+03 0.000000000000e+00
     2.000000000000e+00 0.000000000000e+00 1.862645000000e-09 4.700000000000e+01
     2.810100000000e+05 4.000000000000e+00                                      
G03 2025 01 01 08 00 00 6.371350027621e-04 7.958078640513e-12 0.000000000000e+00
     1.890000000000e+02-1.086875000000e+02 4.158387499245e-09-2.490297162278e+00
    -5.532056093216e-06 5.664711818099e-03 1.670792698860e-06 5.153604104996e+03
     2.880000000000e+05 8.195638656616e-08-8.084467420233e-01 2.235174179077e-08
     9.876358017611e-01 3.614062500000e+02 1.146133193117e+00-8.093194256883e-09
    -1.607209803882e-10 1.000000000000e+00 2.347000000000e+03 0.000000000000e+00
     4.000000000000e+00 0.000000000000e+00 1.396983861923e-09 1.890000000000e+02
     2.808180000000e+05 4.000000000000e+00                                      
G32 2025 01 01 08 00 00-5.494593642650e-04 6.593836587850e-12 0.000000000000e+00
     1.070000000000e+02-1.023437500000e+02 4.171959493140e-09 1.487820549610e+00
    -5.353242158890e-06 8.254868909720e-03 1.120753586290e-05 5.153779119490e+03
     2.880000000000e+05-2.123415470120e-07 2.218687672100e-01-3.911554813390e-08
     9.640825456560e-01 1.690937500000e+02-2.114330476750e+00-7.799967757110e-09
     1.357199389950e-10 1.000000000000e+00 2.347000000000e+03 0.000000000000e+00
     2.000000000000e+00 0.000000000000e+00 9.313225746150e-10 1.070000000000e+02
     2.808180000000e+05 4.000000000000e+00                                      
G21 2025 01 01 08 00 00 9.948760271070e-05 1.818989403550e-12 0.000000000000e+00
     8.200000000000e+01 1.191875000000e+02 4.743054710120e-09 6.447529061920e-01
     6.003305315970e-06 2.586081752090e-02 2.903863787650e-06 5.153621631620e+03
     2.880000000000e+05 5.289912223820e-07-1.956434420800e+00-2.793967723850e-07
     9.606407207360e-01 3.194687500000e+02-4.683917885240e-01-8.562142361880e-09
     3.000124967250e-10 1.000000000000e+00 2.347000000000e+03 0.000000000000e+00
     2.000000000000e+00 0.000000000000e+00-1.024454832080e-08 8.200000000000e+01
     2.808180000000e+05 4.000000000000e+00                                      
G10 2025 01 01 08 00 00-2.581477165220e-04-1.591615728100e-11 0.000000000000e+00
     3.400000000000e+01-1.066875000000e+02 4.042668393370e-09 2.772701962370e+00
    -5.586072802540e-06 1.011659693900e-02 1.927837729450e-06 5.153687082290e+03
     2.880000000000e+05-3.725290298460e-08-8.109738569330e-01-1.490116119380e-07
     9.872576593810e-01 3.576562500000e+02-2.334738700200e+00-7.886757086520e-09
    -2.160804291890e-10 1.000000000000e+00 2.347000000000e+03 0.000000000000e+00
     2.000000000000e+00 0.000000000000e+00 2.328306436540e-09 3.400000000000e+01
     2.808180000000e+05 4.000000000000e+00                                      
G23 2025 01 01 08 00 00 3.950963728130e-04 7.617018127350e-12 0.000000000000e+00
     1.440000000000e+02-9.293750000000e+01 4.190174537590e-09-2.335010700560e+00
    -4.820525646210e-06 4.990042303690e-03 1.767650246620e-06 5.153633192060e+03
     2.880000000000e+05 1.862645149230e-09-8.410244018250e-01-1.676380634310e-07
     9.823487792500e-01 3.573125000000e+02-2.867143907140e+00-8.124266979760e-09
    -1.675069773380e-10 1.000000000000e+00 2.347000000000e+03 0.000000000000e+00
     2.000000000000e+00 0.000000000000e+00-8.381903171540e-09 9.120000000000e+02
     2.808180000000e+05 4.000000000000e+00                                      
G26 2025 01 01 08 00 00-3.073504194620e-05-1.477928890380e-11 0.000000000000e+00
     8.100000000000e+01-1.896875000000e+01 5.448798392900e-09 2.639270582430e+00
    -1.087784767150e-06 9.794468176550e-03 5.956739187240e-06 5.153746086120e+03
     2.880000000000e+05-7.450580596920e-08 2.239922434190e+00-9.685754776000e-08
     9.296162220410e-01 2.495000000000e+02 6.028414062610e-01-8.276773332260e-09
    -4.343038047820e-10 1.000000000000e+00 2.347000000000e+03 0.000000000000e+00
     2.000000000000e+00 0.000000000000e+00 6.519258022310e-09 8.100000000000e+01
     2.808180000000e+05 4.000000000000e+00                                      
G28 2025 01 01 08 00 00-5.239085294310e-04-1.011812855720e-11 0.000000000000e+00
     1.840000000000e+02 1.868750000000e+01 4.709481883110e-09 3.105499357340e+00
     9.834766387940e-07 4.448754480110e-04 7.500872015950e-06 5.153782835010e+03
     2.880000000000e+05-2.235174179080e-08 1.248336064580e+00 3.539025783540e-08
     9.610543666750e-01 2.362500000000e+02 1.422322187420e+00-7.956402844690e-09
     4.900204113170e-10 1.000000000000e+00 2.347000000000e+03 0.000000000000e+00
     2.000000000000e+00 0.000000000000e+00-9.313225746150e-09 6.960000000000e+02
     2.808180000000e+05 4.000000000000e+00                                      
G31 2025 01 01 08 00 00-2.188235521320e-04 7.958078640510e-13 0.000000000000e+00
     6.500000000000e+01 1.734375000000e+01 4.909133056530e-09-2.996451612130e+00
     8.139759302140e-07 1.070213352800e-02 6.916001439090e-06 5.153599819180e+03
     2.880000000000e+05 1.117587089540e-08 1.301347863600e+00-1.564621925350e-07
     9.538768253700e-01 2.417500000000e+02 7.911708293610e-01-7.934616222900e-09
     4.796628370250e-10 1.000000000000e+00 2.347000000000e+03 0.000000000000e+00
     2.000000000000e+00 0.000000000000e+00-1.350417733190e-08 6.500000000000e+01
     2.808180000000e+05 4.000000000000e+00                                      
G25 2025 01 01 08 00 00 4.973821341990e-04-5.684341886080e-13 0.000000000000e+00
     1.200000000000e+01-2.334375000000e+01 4.946991776350e-09-2.857901278490e+00
    -1.154839992520e-06 1.230162696450e-02 6.278976798060e-06 5.153680276870e+03
     2.880000000000e+05 1.378357410430e-07 2.306486968150e+00-1.098960638050e-07
     9.489089457520e-01 2.504062500000e+02 1.106352421660e+00-7.960688737500e-09
    -4.043025551100e-10 1.000000000000e+00 2.347000000000e+03 0.000000000000e+00
     2.000000000000e+00 0.000000000000e+00 5.587935447690e-09 1.200000000000e+01
     2.808180000000e+05 4.000000000000e+00                                      
G02 2025 01 01 08 00 00-2.784538082780e-04 8.981260180010e-12 0.000000000000e+00
     6.400000000000e+01 1.249687500000e+02 4.533045962420e-09 9.426897445260e-01
     6.163492798810e-06 1.654721342490e-02 3.386288881300e-06 5.153679063800e+03
     2.880000000000e+05 9.872019290920e-08-1.947937210350e+00-4.060566425320e-07
     9.663954718050e-01 3.168125000000e+02-1.063858728610e+00-8.393206753610e-09
     3.182275411690e-10 1.000000000000e+00 2.347000000000e+03 0.000000000000e+00
     2.000000000000e+00 0.000000000000e+00-1.769512891770e-08 6.400000000000e+01
     2.810220000000e+05 4.000000000000e+00                                      
G01 2025 01 01 08 00 00 9.691342711450e-06 3.615241439550e-11 0.000000000000e+00
     4.300000000000e+01 1.105625000000e+02 4.682337895310e-09 1.032243328050e+00
     5.735084414480e-06 2.106709871440e-04 1.467764377590e-06 5.153752483370e+03
     2.880000000000e+05 1.490116119380e-08-1.783138862590e+00-4.656612873080e-08
     9.596531105930e-01 3.521250000000e+02-1.307052658940e+00-8.424279476480e-09
     3.014411276610e-10 1.000000000000e+00 2.347000000000e+03 0.000000000000e+00
     2.000000000000e+00 6.300000000000e+01-1.396983861920e-09 4.300000000000e+01
     2.865480000000e+05 4.000000000000e+00                                      
G29 2025 01 01 08 00 00-5.510323680937e-04 3.296918293927e-12 0.000000000000e+00
     3.600000000000e+01 9.234375000000e+01 3.934092442170e-09 7.504807182714e-01
     4.855915904045e-06 2.884689834900e-03 1.096911728382e-05 5.153730632782e+03
     2.880000000000e+05 8.009374141693e-08-2.834546900245e+00-3.725290298462e-09
     9.685421563313e-01 1.715625000000e+02 2.645662486988e+00-7.669248026393e-09
    -1.646497154644e-10 1.000000000000e+00 2.347000000000e+03 0.000000000000e+00
     2.000000000000e+00 0.000000000000e+00-9.778887033463e-09 3.600000000000e+01
     2.808180000000e+05 4.000000000000e+00                                      
G20 2025 01 01 09 59 44 3.674197942020e-04-3.410605131650e-13 0.000000000000e+00
     3.800000000000e+01-5.575000000000e+01 4.948777565020e-09 2.124281018770e-01
    -2.993270754810e-06 3.832756658080e-03-7.450580596920e-09 5.153669050220e+03
     2.951840000000e+05-4.097819328310e-08-9.953740576220e-01 7.823109626770e-08
     9.566315761850e-01 3.808437500000e+02-2.376453434720e+00-8.638216959270e-09
    -8.250343659930e-11 1.000000000000e+00 2.347000000000e+03 0.000000000000e+00
     2.000000000000e+00 0.000000000000e+00-8.381903171540e-09 3.800000000000e+01
     2.880180000000e+05 4.000000000000e+00                                      
G03 2025 01 01 09 59 44 6.371927447620e-04 7.958078640510e-12 0.000000000000e+00
     1.700000000000e+01-1.010937500000e+02 4.178388332360e-09-1.442596966570e+00
    -5.081295967100e-06 5.664772121240e-03 1.937150955200e-06 5.153602230070e+03
     2.951840000000e+05 5.774199962620e-08-8.085048666840e-01 6.332993507390e-08
     9.876346650740e-01 3.565625000000e+02 1.146320164290e+00-8.104266146640e-09
    -1.546492989070e-10 1.000000000000e+00 2.347000000000e+03 0.000000000000e+00
     2.000000000000e+00 0.000000000000e+00 1.396983861920e-09 1.700000000000e+01
     2.880180000000e+05 4.000000000000e+00                                      
G16 2025 01 01 09 59 44-8.878065273170e-05 9.436007530890e-12 0.000000000000e+00
     4.500000000000e+01-1.762500000000e+01 4.636264547600e-09 2.872754841660e+00
    -1.035630702970e-06 1.445895235520e-02 7.094815373420e-06 5.153666503910e+03
     2.951840000000e+05-1.676380634310e-08 2.413052584640e+00-1.713633537290e-07
     9.602747556870e-01 2.413125000000e+02 8.649004771370e-01-7.764966299160e-09
    -5.793098448660e-10 1.000000000000e+00 2.347000000000e+03 0.000000000000e+00
     2.000000000000e+00 0.000000000000e+00-1.071020960810e-08 4.500000000000e+01
     2.880180000000e+05 4.000000000000e+00                                      
G08 2025 01 01 09 59 44 4.515661858020e-04 8.299139153680e-12 0.000000000000e+00
     5.500000000000e+01 8.056250000000e+01 4.339466470480e-09 1.862398469450e+00
     4.231929779050e-06 1.026681147050e-02 1.126341521740e-05 5.153738155360e+03
     2.951840000000e+05-1.415610313420e-07-2.948237163310e+00 8.195638656620e-08
     9.502425872240e-01 1.589687500000e+02 3.963714083800e-01-7.821397221160e-09
    -4.085884479200e-10 1.000000000000e+00 2.347000000000e+03 0.000000000000e+00
     2.000000000000e+00 0.000000000000e+00 4.656612873080e-09 5.500000000000e+01
     2.951580000000e+05 4.000000000000e+00                                      
G29 2025 01 01 09 59 44-5.510090850290e-04 3.296918293930e-12 0.000000000000e+00
     3.900000000000e+01 8.906250000000e+01 3.883733201650e-09 1.798392551410e+00
     4.732981324200e-06 2.884086454290e-03 1.133978366850e-05 5.153729753490e+03
     2.951840000000e+05-7.636845111850e-08-2.834600745870e+00 1.117587089540e-07
     9.685410503650e-01 1.642187500000e+02 2.645559228380e+00-7.536385349270e-09
    -2.832260832170e-10 1.000000000000e+00 2.347000000000e+03 0.000000000000e+00
     2.000000000000e+00 0.000000000000e+00-9.778887033460e-09 3.900000000000e+01
     2.948220000000e+05 4.000000000000e+00                                      
G14 2025 01 01 10 00 00 5.715689621870e-04 7.389644451910e-12 0.000000000000e+00
     8.000000000000e+01-1.406250000000e+01 5.050924677000e-09-1.763488364710e+00
    -7.394701242450e-07 5.133971571920e-03 6.642192602160e-06 5.153691799160e+03
     2.952000000000e+05-4.842877388000e-08 2.347580803670e+00-8.381903171540e-08
     9.441787157130e-01 2.440000000000e+02-2.864358512580e+00-8.052121117450e-09
    -4.535903224290e-10 1.000000000000e+00 2.347000000000e+03 0.000000000000e+00
     2.000000000000e+00 0.000000000000e+00-7.916241884230e-09 3.360000000000e+02
     2.880180000000e+05 4.000000000000e+00                                      
G05 2025 01 01 10 00 00-1.977300271390e-04-1.136868377220e-12 0.000000000000e+00
     1.070000000000e+02-8.315625000000e+01 4.456971365030e-09 2.200123218270e+00
    -4.382804036140e-06 5.601230775940e-03 5.941838026050e-07 5.153728256230e+03
     2.952000000000e+05 1.676380634310e-08-8.627002819920e-01-5.215406417850e-08
     9.744589650760e-01 3.774062500000e+02 1.330186844600e+00-8.245700609380e-09
    -1.564350875780e-10 1.000000000000e+00 2.347000000000e+03 0.000000000000e+00
     2.000000000000e+00 0.000000000000e+00-1.071020960810e-08 1.070000000000e+02
     2.880180000000e+05 4.000000000000e+00                                      
G15 2025 01 01 10 00 00 2.464549615980e-04 4.547473508860e-12 0.000000000000e+00
     7.300000000000e+01-1.319687500000e+02 4.961992401190e-09 8.553289128200e-01
    -6.819143891330e-06 1.611440826670e-02 9.741634130480e-06 5.153749879840e+03
     2.952000000000e+05-2.607703208920e-07 7.293048927620e-02-3.166496753690e-08
     9.380329310310e-01 1.872500000000e+02 1.386628329240e+00-8.389635176270e-09
     6.785996949730e-12 1.000000000000e+00 2.347000000000e+03 0.000000000000e+00
     2.000000000000e+00 0.000000000000e+00-1.024454832080e-08 7.300000000000e+01
     2.880180000000e+05 4.000000000000e+00                                      
G11 2025 01 01 10 00 00-7.525328546760e-04 4.547473508860e-13 0.000000000000e+00
     1.720000000000e+02 1.262500000000e+02 4.458042838240e-09 9.689895766600e-01
     6.340444087980e-06 1.752739655790e-03 2.494081854820e-06 5.153595043180e+03
     2.952000000000e+05-2.421438694000e-08-1.816531988040e+00-1.676380634310e-08
     9.657892692740e-01 3.314375000000e+02-2.347545398130e+00-8.320346575830e-09
     3.200133298400e-10 1.000000000000e+00 2.347000000000e+03 0.000000000000e+00
     2.000000000000e+00 0.000000000000e+00-8.847564458850e-09 1.720000000000e+02
     2.880180000000e+05 4.000000000000e+00                                      
G24 2025 01 01 10 00 00-4.683588631450e-04 3.637978807090e-12 0.000000000000e+00
     7.000000000000e+01 6.437500000000e+00 5.463799017730e-09-1.435517916230e-02
     5.066394805910e-07 1.641264813950e-02 7.878988981250e-06 5.153683544160e+03
     2.952000000000e+05-6.705522537230e-08 1.177921850000e+00 1.937150955200e-07
     9.338287677960e-01 2.135937500000e+02 1.043008620350e+00-8.570356989770e-09
     4.803771524940e-10 1.000000000000e+00 2.347000000000e+03 0.000000000000e+00
     2.000000000000e+00 0.000000000000e+00 2.328306436540e-09 7.000000000000e+01
     2.880180000000e+05 4.000000000000e+00                                      
G19 2025 01 01 10 00 00 5.809008143840e-04 4.661160346590e-12 0.000000000000e+00
     5.700000000000e+01 1.156250000000e+02 3.858732160250e-09-2.575369078710e+00
     6.129965186120e-06 1.001740363430e-02 1.148506999020e-05 5.153608892440e+03
     2.952000000000e+05-1.601874828340e-07-2.805996478360e+00 6.519258022310e-08
     9.652390028790e-01 1.592812500000e+02 2.699791692090e+00-7.500312418120e-09
    -2.157232714540e-10 1.000000000000e+00 2.347000000000e+03 0.000000000000e+00
     2.000000000000e+00 0.000000000000e+00-1.536682248120e-08 5.700000000000e+01
     2.880180000000e+05 4.000000000000e+00                                      
G12 2025 01 01 10 00 00-5.618636496370e-04-2.273736754430e-12 0.000000000000e+00
     5.800000000000e+01-1.162500000000e+01 4.790199531040e-09-1.627776601230e+00
    -5.494803190230e-07 8.985020918770e-03 6.711110472680e-06 5.153757999420e+03
     2.952000000000e+05 1.043081283570e-07 2.395464353600e+00 1.974403858180e-07
     9.608977715350e-01 2.497812500000e+02 1.464012028930e+00-7.954617056020e-09
    -5.546659612070e-10 1.000000000000e+00 2.347000000000e+03 0.000000000000e+00
     2.000000000000e+00 0.000000000000e+00-1.257285475730e-08 5.800000000000e+01
     2.880180000000e+05 4.000000000000e+00                                      
G13 2025 01 01 10 00 00 6.920141167940e-04 1.250555214940e-12 0.000000000000e+00
     1.290000000000e+02-1.075937500000e+02 3.966950953720e-09 1.582857237870e+00
    -5.504116415980e-06 8.808382088320e-03 1.119822263720e-05 5.153695940020e+03
     2.952000000000e+05-2.440065145490e-07 3.754214735140e-01 1.862645149230e-09
     9.731701752100e-01 1.723437500000e+02 9.704716692060e-01-7.647818562340e-09
     3.182275411690e-10 1.000000000000e+00 2.347000000000e+03 0.000000000000e+00
     2.000000000000e+00 0.000000000000e+00-1.117587089540e-08 1.290000000000e+02
     2.880180000000e+05 4.000000000000e+00                                      
G22 2025 01 01 10 00 00-8.987216278910e-05-2.160049916710e-12 0.000000000000e+00
     8.000000000000e+00-9.281250000000e+00 4.618406660890e-09 2.350096768220e+00
    -4.060566425320e-07 1.350675092540e-02 6.854534149170e-06 5.153666158680e+03
     2.952000000000e+05 1.247972249980e-07 2.416354327840e+00 9.685754776000e-08
     9.596401740080e-01 2.442187500000e+02-1.074306030800e+00-7.657461821160e-09
    -6.582417041230e-10 1.000000000000e+00 2.347000000000e+03 0.000000000000e+00
     2.000000000000e+00 6.300000000000e+01-1.117587089540e-08 8.000000000000e+00
     2.880180000000e+05 4.000000000000e+00                                      
G06 2025 01 01 10 00 00-8.698971942070e-05-2.762590156640e-11 0.000000000000e+00
     8.300000000000e+01 1.274375000000e+02 3.933020968970e-09-7.401130193070e-02
     6.534159183500e-06 3.431100980380e-03 2.788379788400e-06 5.153759452820e+03
     2.952000000000e+05 1.676380634310e-08-1.844735582770e+00-8.195638656620e-08
     9.891191977680e-01 3.362500000000e+02-7.316131244060e-01-8.082479524860e-09
     3.453715289680e-10 1.000000000000e+00 2.347000000000e+03 0.000000000000e+00
     2.000000000000e+00 0.000000000000e+00 3.725290298460e-09 8.300000000000e+01
     2.880180000000e+05 4.000000000000e+00                                      
G18 2025 01 01 10 00 00-6.592124700550e-04 1.023181539490e-12 0.000000000000e+00
     1.430000000000e+02 1.175000000000e+02 4.263749030830e-09-1.672255351230e-01
     6.208196282390e-06 4.796067136340e-03 3.222376108170e-06 5.153715503690e+03
     2.952000000000e+05 4.284083843230e-08-1.843766417090e+00 3.725290298460e-08
     9.740140390230e-01 3.229062500000e+02-2.934995661250e+00-8.198198630740e-09
     3.289422731950e-10 1.000000000000e+00 2.347000000000e+03 0.000000000000e+00
     2.000000000000e+00 0.000000000000e+00-8.381903171540e-09 6.550000000000e+02
     2.904960000000e+05 4.000000000000e+00                                      
G25 2025 01 01 10 00 00 4.973784089090e-04-5.684341886080e-13 0.000000000000e+00
     2.000000000000e+01-1.615625000000e+01 5.025209320140e-09-1.807814124200e+00
    -7.785856723790e-07 1.230273360850e-02 5.831941962240e-06 5.153677289960e+03
     2.952000000000e+05 2.495944499970e-07 2.306429762210e+00-2.048909664150e-08
     9.489060096760e-01 2.593750000000e+02 1.106446248840e+00-8.011762293490e-09
    -4.278749655670e-10 1.000000000000e+00 2.347000000000e+03 0.000000000000e+00
     2.000000000000e+00 0.000000000000e+00 5.587935447690e-09 2.000000000000e+01
     2.915880000000e+05 4.000000000000e+00                                      
G23 2025 01 01 10 00 00 3.951508551840e-04 7.617018127350e-12 0.000000000000e+00
     1.450000000000e+02-8.715625000000e+01 4.210889686170e-09-1.285111923300e+00
    -4.531815648080e-06 4.990065470340e-03 1.106411218640e-06 5.153630393980e+03
     2.952000000000e+05 7.450580596920e-08-8.410834334950e-01-5.401670932770e-08
     9.823479804960e-01 3.675937500000e+02-2.866838650260e+00-8.143910655140e-09
    -7.857470152310e-11 1.000000000000e+00 2.347000000000e+03 0.000000000000e+00
     2.000000000000e+00 0.000000000000e+00-8.381903171540e-09 9.130000000000e+02
     2.942880000000e+05 4.000000000000e+00                                      
G02 2025 01 01 10 00 00-2.783886156976e-04 8.981260180008e-12 0.000000000000e+00
     6.600000000000e+01 1.364687500000e+02 4.278749655669e-09 1.992736345262e+00
     6.932765245438e-06 1.654740038794e-02 2.661719918251e-06 5.153683137894e+03
     2.952000000000e+05 2.700835466385e-07-1.947994619646e+00 7.823109626770e-08
     9.663991144707e-01 3.264687500000e+02-1.063730515549e+00-7.933187591963e-09
     1.582208762489e-10 1.000000000000e+00 2.347000000000e+03 0.000000000000e+00
     2.000000000000e+00 0.000000000000e+00-1.769513000000e-08 6.600000000000e+01
     2.934000000000e+05 4.000000000000e+00                                      
G07 2025 01 01 10 00 00-1.409696415067e-05 6.821210263297e-13 0.000000000000e+00
     3.100000000000e+01 1.528125000000e+01 5.115570226891e-09-8.966679802205e-01
     9.555369615555e-07 1.889683923218e-02 7.230788469315e-06 5.153752647400e+03
     2.952000000000e+05 9.313225746155e-09 1.278855893115e+00 4.731118679047e-07
     9.499833625288e-01 2.346562500000e+02-2.086199347674e+00-8.343918986289e-09
     3.996595045654e-10 1.000000000000e+00 2.347000000000e+03 0.000000000000e+00
     2.000000000000e+00 0.000000000000e+00-1.071021000000e-08 3.100000000000e+01
     2.888700000000e+05 4.000000000000e+00                                      
G08 2025 01 01 10 00 00 4.515657201409e-04 8.299139153678e-12 0.000000000000e+00
     6.400000000000e+01 8.056250000000e+01 4.339466470482e-09 1.864732202678e+00
     4.231929779053e-06 1.026680972427e-02 1.126341521740e-05 5.153738155365e+03
     2.952000000000e+05-1.415610313416e-07-2.948237297895e+00 8.195638656616e-08
     9.502425960012e-01 1.589687500000e+02 3.963713337713e-01-7.821397221160e-09
    -4.085884479203e-10 1.000000000000e+00 2.347000000000e+03 0.000000000000e+00
     2.000000000000e+00 0.000000000000e+00 4.656613000000e-09 6.400000000000e+01
     2.880300000000e+05 4.000000000000e+00                                      
G10 2025 01 01 10 00 00-2.582622691989e-04-1.591615728103e-11 0.000000000000e+00
     5.200000000000e+01-9.953125000000e+01 4.038739658289e-09-2.460318272577e+00
    -5.308538675308e-06 1.011566678062e-02 1.799315214157e-06 5.153688777924e+03
     2.952000000000e+05 1.844018697739e-07-8.110317431389e-01-1.359730958939e-07
     9.872562301105e-01 3.578750000000e+02-2.334734754708e+00-7.981403886080e-09
    -7.536028191537e-11 1.000000000000e+00 2.347000000000e+03 0.000000000000e+00
     2.000000000000e+00 0.000000000000e+00 2.328306000000e-09 5.200000000000e+01
     2.942100000000e+05 4.000000000000e+00                                      
G17 2025 01 01 10 00 00 4.940931685269e-04-1.682565198280e-11 0.000000000000e+00
     5.400000000000e+01 1.002500000000e+02 3.837659853937e-09 1.837202201269e+00
     5.189329385757e-06 1.338870858308e-02 1.092255115509e-05 5.153607915878e+03
     2.952000000000e+05 2.831220626831e-07-2.850176241555e+00-7.078051567078e-08
     9.660348347027e-01 1.654687500000e+02-1.246565496297e+00-7.411380142303e-09
    -2.946551307118e-10 1.000000000000e+00 2.347000000000e+03 0.000000000000e+00
     2.000000000000e+00 0.000000000000e+00-1.071021000000e-08 5.400000000000e+01
     2.888400000000e+05 4.000000000000e+00                                      
G30 2025 01 01 10 00 00-2.488228492439e-04 8.299139153678e-12 0.000000000000e+00
     8.500000000000e+01 1.484375000000e+01 5.304506668280e-09-1.071390060565e+00
     7.115304470062e-07 7.237728568725e-03 7.178634405136e-06 5.153747146606e+03
     2.952000000000e+05 2.048909664154e-07 1.276182752648e+00 8.754432201386e-08
     9.351570198778e-01 2.255312500000e+02-2.454829444906e+00-8.228199880409e-09
     4.618049503155e-10 1.000000000000e+00 2.347000000000e+03 0.000000000000e+00
     2.000000000000e+00 0.000000000000e+00 3.725290000000e-09 8.500000000000e+01
     2.880000000000e+05 4.000000000000e+00                                      
G09 2025 01 01 10 00 00 5.110893398523e-04 1.546140993014e-11 0.000000000000e+00
     1.000000000000e+02-1.136875000000e+02 4.223747364603e-09 2.435429445412e+00
    -5.749985575676e-06 3.195100696757e-03 1.110881567001e-05 5.153799814224e+03
     2.952000000000e+05 6.519258022308e-08 2.063393549081e-01-4.284083843231e-08
     9.607955603745e-01 1.618437500000e+02 2.032382566286e+00-7.762823352752e-09
     1.525063525017e-10 1.000000000000e+00 2.347000000000e+03 0.000000000000e+00
     2.000000000000e+00 0.000000000000e+00 9.313225746155e-10 1.000000000000e+02
     2.880180000000e+05 4.000000000000e+00                                      
G04 2025 01 01 10 00 00 5.051032640040e-04 6.025402399246e-12 0.000000000000e+00
     1.600000000000e+01-1.030625000000e+02 4.150887186827e-09 1.544949408247e+00
    -5.181878805161e-06 3.233841387555e-03 1.136586070061e-05 5.153687168121e+03
     2.952000000000e+05 2.980232238770e-08 2.675000684401e-01 4.284083843231e-08
     9.669889469482e-01 1.640000000000e+02-2.966820927657e+00-7.752108620726e-09
     1.967939115420e-10 1.000000000000e+00 2.347000000000e+03 0.000000000000e+00
     2.000000000000e+00 0.000000000000e+00-4.656612873077e-09 7.840000000000e+02
     2.880180000000e+05 4.000000000000e+00                                      
G21 2025 01 01 10 00 00 9.950064122680e-05 1.818989403550e-12 0.000000000000e+00
     8.300000000000e+01 1.451875000000e+02 4.375896559370e-09 1.694825835060e+00
     7.493421435360e-06 2.586184756360e-02 2.970919013020e-06 5.153628763200e+03
     2.952000000000e+05 2.104789018630e-07-1.956491546290e+00 3.147870302200e-07
     9.606434110430e-01 3.161250000000e+02-4.682548930390e-01-8.040692069960e-09
    -4.250177036930e-11 1.000000000000e+00 2.347000000000e+03 0.000000000000e+00
     2.000000000000e+00 0.000000000000e+00-1.024454832080e-08 8.300000000000e+01
     2.880180000000e+05 4.000000000000e+00                                      
G32 2025 01 01 10 00 00-5.494123324750e-04 6.593836587850e-12 0.000000000000e+00
     1.080000000000e+02-1.069375000000e+02 4.060169122340e-09 2.537770749890e+00
    -5.614012479780e-06 8.254435961130e-03 1.046434044840e-05 5.153781736370e+03
     2.952000000000e+05 1.862645149230e-08 2.218133226150e-01-1.136213541030e-07
     9.640847019980e-01 1.785000000000e+02-2.114168100160e+00-7.562100706130e-09
     1.567922453120e-10 1.000000000000e+00 2.347000000000e+03 0.000000000000e+00
     2.000000000000e+00 0.000000000000e+00 9.313225746150e-10 1.080000000000e+02
     2.880180000000e+05 4.000000000000e+00                                      
G26 2025 01 01 10 00 00-3.084167838100e-05-1.477928890380e-11 0.000000000000e+00
     8.200000000000e+01-2.193750000000e+01 5.523801517080e-09-2.593784445100e+00
    -1.169741153720e-06 9.794803801920e-03 5.861744284630e-06 5.153745462420e+03
     2.952000000000e+05 3.725290298460e-08 2.239862238040e+00-1.769512891770e-07
     9.296130065470e-01 2.505000000000e+02 6.028549996960e-01-8.351419298710e-09
    -3.671581507540e-10 1.000000000000e+00 2.347000000000e+03 0.000000000000e+00
     2.000000000000e+00 0.000000000000e+00 6.519258022310e-09 8.200000000000e+01
     2.880180000000e+05 4.000000000000e+00                                      
G31 2025 01 01 10 00 00-2.188174985350e-04 7.958078640510e-13 0.000000000000e+00
     8.600000000000e+01 1.946875000000e+01 4.895561062630e-09-1.946187141930e+00
     9.480863809590e-07 1.070153224280e-02 7.107853889470e-06 5.153601154330e+03
     2.952000000000e+05 1.098960638050e-07 1.301290094420e+00-6.332993507390e-08
     9.538806318830e-01 2.370937500000e+02 7.911350317550e-01-7.964974630310e-09
     5.725238479160e-10 1.000000000000e+00 2.347000000000e+03 0.000000000000e+00
     2.000000000000e+00 0.000000000000e+00-1.350417733190e-08 8.600000000000e+01
     2.880180000000e+05 4.000000000000e+00                                      
G28 2025 01 01 10 00 00-5.239811725910e-04-1.011812855720e-11 0.000000000000e+00
     1.850000000000e+02 1.234375000000e+01 4.667337270470e-09-2.126087849880e+00
     6.463378667830e-07 4.436991875990e-04 7.867813110350e-06 5.153785387040e+03
     2.952000000000e+05-3.539025783540e-08 1.248278804510e+00 5.587935447690e-09
     9.610578411050e-01 2.291250000000e+02 1.420838747520e+00-7.949616847740e-09
     4.832344143670e-10 1.000000000000e+00 2.347000000000e+03 0.000000000000e+00
     2.000000000000e+00 0.000000000000e+00-9.313225746150e-09 6.970000000000e+02
     2.880180000000e+05 4.000000000000e+00                                      
G01 2025 01 01 10 00 00 9.951181709770e-06 3.603872755780e-11 0.000000000000e+00
     4.400000000000e+01 1.052187500000e+02 4.646979279630e-09 2.084964483890e+00
     5.451962351800e-06 2.109253546220e-04 1.586973667140e-06 5.153751472470e+03
     2.952000000000e+05 6.332993507390e-08-1.783199131890e+00 1.303851604460e-08
     9.596555434250e-01 3.504687500000e+02-1.309640125070e+00-8.351776456440e-09
     2.835832409520e-10 1.000000000000e+00 2.347000000000e+03 0.000000000000e+00
     2.800000000000e+00 6.300000000000e+01-1.396983861920e-09 4.400000000000e+01
     2.889780000000e+05 4.000000000000e+00                                      
G27 2025 01 01 10 00 00-3.359466791150e-05 4.547473508860e-13 0.000000000000e+00
     4.900000000000e+01 7.806250000000e+01 4.090884687480e-09 1.950629124450e+00
     4.002824425700e-06 1.311298646030e-02 1.113675534730e-05 5.153694873810e+03
     2.952000000000e+05-2.533197402950e-07-2.919904878600e+00-1.266598701480e-07
     9.593008852700e-01 1.655312500000e+02 8.050591679570e-01-7.732107787610e-09
    -3.135844906240e-10 1.000000000000e+00 2.347000000000e+03 0.000000000000e+00
     2.000000000000e+00 0.000000000000e+00 1.862645149230e-09 4.900000000000e+01
     2.890080000000e+05 4.000000000000e+00                                      
G05 2025 01 01 11 59 44-1.977379433810e-04-1.136868377220e-12 0.000000000000e+00
     8.000000000000e+00-8.953125000000e+01 4.448042421680e-09-3.035163600510e+00
    -4.820525646210e-06 5.601905751970e-03 5.364418029790e-07 5.153726760860e+03
     3.023840000000e+05 5.401670932770e-08-8.627595623590e-01-1.862645149230e-08
     9.744578634990e-01 3.766250000000e+02 1.330102459100e+00-8.248915028990e-09
    -1.364342544630e-10 1.000000000000e+00 2.347000000000e+03 0.000000000000e+00
     2.000000000000e+00 0.000000000000e+00-1.071020960810e-08 8.000000000000e+00
     2.952180000000e+05 4.000000000000e+00                                      
G13 2025 01 01 11 59 44 6.920220330360e-04 1.250555214940e-12 0.000000000000e+00
     2.600000000000e+01-1.070625000000e+02 3.962307903170e-09 2.630936352760e+00
    -5.511566996570e-06 8.809829363600e-03 1.198053359990e-05 5.153691062930e+03
     3.023840000000e+05-2.421438694000e-08 3.753672504560e-01-1.173466444020e-07
     9.731736613440e-01 1.532500000000e+02 9.702234953940e-01-7.420309085660e-09
     3.493002640440e-10 1.000000000000e+00 2.347000000000e+03 0.000000000000e+00
     2.000000000000e+00 0.000000000000e+00-1.117587089540e-08 2.600000000000e+01
     2.966160000000e+05 4.000000000000e+00                                      
G10 2025 01 01 11 59 44-2.583763562140e-04-1.591615728100e-11 0.000000000000e+00
     3.000000000000e+01-8.459375000000e+01 4.060883437810e-09-1.412724413460e+00
    -4.300847649570e-06 1.011652010490e-02 9.965151548390e-07 5.153683906560e+03
     3.023840000000e+05 2.644956111910e-07-8.110890163820e-01 1.303851604460e-08
     9.872557312550e-01 3.689062500000e+02-2.334492853890e+00-8.035691861680e-09
    -8.286059433350e-11 1.000000000000e+00 2.347000000000e+03 0.000000000000e+00
     2.000000000000e+00 0.000000000000e+00 2.328306436540e-09 3.000000000000e+01
     3.004560000000e+05 4.000000000000e+00                                      
G17 2025 01 01 11 59 44 4.939706996083e-04-1.682565198280e-11 0.000000000000e+00
     0.000000000000e+00 1.028750000000e+02 3.865875314938e-09 2.885071009988e+00
     5.483627319336e-06 1.338899915572e-02 1.092627644539e-05 5.153607767105e+03
     3.023840000000e+05 1.657754182816e-07-2.850228738370e+00 4.097819328308e-08
     9.660325803460e-01 1.697812500000e+02-1.246552445604e+00-7.341020068666e-09
    -3.425142670940e-10 1.000000000000e+00 2.347000000000e+03 0.000000000000e+00
     2.000000000000e+00 0.000000000000e+00-1.071021000000e-08 0.000000000000e+00
     2.975400000000e+05 4.000000000000e+00                                      
G19 2025 01 01 11 59 44 5.809329450130e-04 4.661160346586e-12 0.000000000000e+00
     4.000000000000e+00 1.036250000000e+02 3.928377918423e-09-1.527634179661e+00
     5.358830094337e-06 1.001726055983e-02 1.121498644352e-05 5.153606561661e+03
     3.023840000000e+05-1.229345798492e-07-2.806051551379e+00-1.266598701477e-07
     9.652371873975e-01 1.683437500000e+02 2.699938949420e+00-7.648890035543e-09
    -1.325055193867e-10 1.000000000000e+00 2.347000000000e+03 0.000000000000e+00
     2.000000000000e+00 0.000000000000e+00-1.536682000000e-08 4.000000000000e+00
     3.016200000000e+05 4.000000000000e+00                                      
G08 2025 01 01 11 59 44 4.516257904470e-04 8.299139153680e-12 0.000000000000e+00
     5.700000000000e+01 7.565625000000e+01 4.288035756760e-09 2.912511432530e+00
     3.909692168240e-06 1.026719773650e-02 1.143105328080e-05 5.153737970350e+03
     3.023840000000e+05-8.009374141690e-08-2.948293308640e+00-4.842877388000e-08
     9.502404279570e-01 1.540625000000e+02 3.963981300420e-01-7.682462862560e-09
    -3.646580466140e-10 1.000000000000e+00 2.347000000000e+03 0.000000000000e+00
     2.000000000000e+00 0.000000000000e+00 4.656612873080e-09 5.700000000000e+01
     2.952180000000e+05 4.000000000000e+00                                      
G23 2025 01 01 12 00 00 3.952053375540e-04 7.617018127350e-12 0.000000000000e+00
     1.460000000000e+02-8.200000000000e+01 4.275535236060e-09-2.350082643750e-01
    -4.198402166370e-06 4.990121466110e-03 9.834766387940e-07 5.153629793170e+03
     3.024000000000e+05 5.215406417850e-08-8.411421038250e-01 1.061707735060e-07
     9.823465877980e-01 3.714687500000e+02-2.866736458120e+00-8.288202379750e-09
    -1.403629895390e-10 1.000000000000e+00 2.347000000000e+03 0.000000000000e+00
     2.000000000000e+00 0.000000000000e+00-8.381903171540e-09 9.140000000000e+02
     2.952180000000e+05 4.000000000000e+00                                      
G25 2025 01 01 12 00 00 4.973746836190e-04-5.684341886080e-13 0.000000000000e+00
     3.800000000000e+01-1.259375000000e+01 5.254147427760e-09-7.576827327330e-01
    -5.811452865600e-07 1.230268075600e-02 6.036832928660e-06 5.153676076890e+03
     3.024000000000e+05-4.842877388000e-08 2.306371225000e+00 2.160668373110e-07
     9.489009991810e-01 2.561250000000e+02 1.106498252650e+00-8.391063807200e-09
    -4.935919886590e-10 1.000000000000e+00 2.347000000000e+03 0.000000000000e+00
     2.000000000000e+00 0.000000000000e+00 5.587935447690e-09 3.800000000000e+01
     2.952180000000e+05 4.000000000000e+00                                      
G15 2025 01 01 12 00 00 2.464875578880e-04 4.547473508860e-12 0.000000000000e+00
     7.600000000000e+01-1.501562500000e+02 4.749126391610e-09 1.905387487540e+00
    -7.903203368190e-06 1.611567847430e-02 9.523704648020e-06 5.153752620700e+03
     3.024000000000e+05 6.705522537230e-08 7.287063105710e-02-3.874301910400e-07
     9.380352190350e-01 1.851562500000e+02 1.386704864730e+00-7.951759794140e-09
     1.139333172090e-10 1.000000000000e+00 2.347000000000e+03 0.000000000000e+00
     2.000000000000e+00 0.000000000000e+00-1.024454832080e-08 7.600000000000e+01
     2.952180000000e+05 4.000000000000e+00                                      
G20 2025 01 01 12 00 00 3.674174658950e-04-3.410605131650e-13 0.000000000000e+00
     3.900000000000e+01-6.012500000000e+01 4.857702342800e-09 1.264795939600e+00
    -3.246590495110e-06 3.832913702350e-03-6.705522537230e-08 5.153670021060e+03
     3.024000000000e+05-8.568167686460e-08-9.954361043660e-01 2.793967723850e-08
     9.566307964500e-01 3.766562500000e+02-2.376301026450e+00-8.625002123100e-09
    -1.267909956400e-10 1.000000000000e+00 2.347000000000e+03 0.000000000000e+00
     2.000000000000e+00 0.000000000000e+00-8.381903171540e-09 3.900000000000e+01
     2.952180000000e+05 4.000000000000e+00                                      
G24 2025 01 01 12 00 00-4.683327861130e-04 3.637978807090e-12 0.000000000000e+00
     7.100000000000e+01 3.875000000000e+00 5.447726919690e-09 1.035778781190e+00
     3.427267074580e-07 1.641363860110e-02 8.519738912580e-06 5.153685937880e+03
     3.024000000000e+05-2.160668373110e-07 1.177860287480e+00 1.732259988780e-07
     9.338320681400e-01 2.048125000000e+02 1.043055774590e+00-8.526069430730e-09
     4.768055751520e-10 1.000000000000e+00 2.347000000000e+03 0.000000000000e+00
     2.000000000000e+00 0.000000000000e+00 2.328306436540e-09 7.100000000000e+01
     2.952180000000e+05 4.000000000000e+00                                      
G11 2025 01 01 12 00 00-7.525295950470e-04 4.547473508860e-13 0.000000000000e+00
     1.730000000000e+02 1.252812500000e+02 4.368753404690e-09 2.019181597300e+00
     6.569549441340e-06 1.752390759070e-03 2.190470695500e-06 5.153595111850e+03
     3.024000000000e+05-3.911554813390e-08-1.816591969150e+00-6.146728992460e-08
     9.657917357540e-01 3.366562500000e+02-2.347508652550e+00-8.288202379750e-09
     3.400141629550e-10 1.000000000000e+00 2.347000000000e+03 0.000000000000e+00
     2.000000000000e+00 0.000000000000e+00-8.847564458850e-09 1.730000000000e+02
     2.952180000000e+05 4.000000000000e+00                                      
G19 2025 01 01 12 00 00 5.809343419970e-04 4.661160346590e-12 0.000000000000e+00
     8.600000000000e+01 1.036250000000e+02 3.928377918420e-09-1.525300017790e+00
     5.358830094340e-06 1.001726242250e-02 1.121498644350e-05 5.153606567380e+03
     3.024000000000e+05-1.229345798490e-07-2.806051672800e+00-1.266598701480e-07
     9.652371815460e-01 1.683437500000e+02 2.699938579300e+00-7.648890035540e-09
    -1.325055193870e-10 1.000000000000e+00 2.347000000000e+03 0.000000000000e+00
     2.000000000000e+00 0.000000000000e+00-1.536682248120e-08 8.600000000000e+01
     2.952180000000e+05 4.000000000000e+00                                      
G12 2025 01 01 12 00 00-5.618799477820e-04-2.273736754430e-12 0.000000000000e+00
     6.700000000000e+01-1.040625000000e+01 4.870202863500e-09-5.776369589090e-01
    -5.587935447690e-07 8.985119988210e-03 6.785616278650e-06 5.153758201600e+03
     3.024000000000e+05-7.823109626770e-08 2.395405936350e+00 8.381903171540e-08
     9.608930755680e-01 2.498125000000e+02 1.464004274000e+00-8.146767917010e-09
    -5.214502919260e-10 1.000000000000e+00 2.347000000000e+03 0.000000000000e+00
     2.000000000000e+00 0.000000000000e+00-1.257285475730e-08 6.700000000000e+01
     2.952180000000e+05 4.000000000000e+00                                      
G13 2025 01 01 12 00 00 6.920234300200e-04 1.250555214940e-12 0.000000000000e+00
     1.300000000000e+02-1.070625000000e+02 3.962307903170e-09 2.633270377120e+00
    -5.511566996570e-06 8.809828083030e-03 1.198053359990e-05 5.153691045760e+03
     3.024000000000e+05-2.421438694000e-08 3.753671509770e-01-1.173466444020e-07
     9.731736437880e-01 1.532500000000e+02 9.702232671790e-01-7.420309085660e-09
     3.489431063100e-10 1.000000000000e+00 2.347000000000e+03 0.000000000000e+00
     2.000000000000e+00 0.000000000000e+00-1.117587089540e-08 1.300000000000e+02
     2.952180000000e+05 4.000000000000e+00                                      
G18 2025 01 01 12 00 00-6.592054851350e-04 1.023181539490e-12 0.000000000000e+00
     1.440000000000e+02 1.304687500000e+02 4.178745490090e-09 8.827227531290e-01
     6.798654794690e-06 4.797362023960e-03 3.330409526820e-06 5.153718460080e+03
     3.024000000000e+05-1.303851604460e-08-1.843825159110e+00 8.381903171540e-08
     9.740164601520e-01 3.213125000000e+02-2.934791135070e+00-8.160339910910e-09
     2.953694461800e-10 1.000000000000e+00 2.347000000000e+03 0.000000000000e+00
     2.000000000000e+00 0.000000000000e+00-8.381903171540e-09 6.560000000000e+02
     2.952180000000e+05 4.000000000000e+00                                      
G29 2025 01 01 12 00 00-5.509858019650e-04 3.296918293930e-12 0.000000000000e+00
     4.000000000000e+01 9.431250000000e+01 3.914805924520e-09 2.850657050060e+00
     4.895031452180e-06 2.884207293390e-03 1.172907650470e-05 5.153730428700e+03
     3.024000000000e+05-2.607703208920e-08-2.834654669030e+00-9.313225746150e-09
     9.685385063510e-01 1.582187500000e+02 2.645769363390e+00-7.554600393720e-09
    -3.850160374630e-10 1.000000000000e+00 2.347000000000e+03 0.000000000000e+00
     2.000000000000e+00 0.000000000000e+00-9.778887033460e-09 4.000000000000e+01
     2.963460000000e+05 4.000000000000e+00                                      
G01 2025 01 01 12 00 00 1.021008938551e-05 3.592504072003e-11 0.000000000000e+00
     4.500000000000e+01 1.090625000000e+02 4.528045754138e-09 3.131427222067e+00
     5.554407835007e-06 2.091019414365e-04 2.112239599228e-06 5.153755172729e+03
     3.024000000000e+05 2.980232238770e-08-1.783259133478e+00 2.980232238770e-08
     9.596575373827e-01 3.364062500000e+02-1.305969830383e+00-8.338561620276e-09
     2.750114553310e-10 1.000000000000e+00 2.347000000000e+03 0.000000000000e+00
     2.000000000000e+00 6.300000000000e+01-1.396984000000e-09 4.500000000000e+01
     2.964300000000e+05 4.000000000000e+00                                      
G02 2025 01 01 12 00 00-2.783238887787e-04 8.981260180008e-12 0.000000000000e+00
     1.020000000000e+02 1.400937500000e+02 4.223747364603e-09 3.042838691954e+00
     7.160007953644e-06 1.654585485812e-02 3.410503268242e-06 5.153686714172e+03
     3.024000000000e+05 1.695007085800e-07-1.948052205954e+00 2.551823854446e-07
     9.664004808362e-01 3.130000000000e+02-1.063660472494e+00-7.906757919633e-09
     2.703684047864e-10 1.000000000000e+00 2.347000000000e+03 0.000000000000e+00
     2.000000000000e+00 0.000000000000e+00-1.769513000000e-08 1.020000000000e+02
     2.956500000000e+05 4.000000000000e+00                                      
G06 2025 01 01 12 00 00-8.718855679035e-05-2.762590156635e-11 0.000000000000e+00
     8.400000000000e+01 1.217500000000e+02 3.824445017772e-09 9.760083577057e-01
     6.366521120071e-06 3.432123572566e-03 2.607703208923e-06 5.153761487961e+03
     3.024000000000e+05 1.117587089539e-07-1.844793651838e+00-8.754432201386e-08
     9.891220109591e-01 3.418125000000e+02-7.315096595250e-01-8.009619347081e-09
     3.464430021702e-10 1.000000000000e+00 2.347000000000e+03 0.000000000000e+00
     2.000000000000e+00 0.000000000000e+00 3.725290000000e-09 8.400000000000e+01
     2.999700000000e+05 4.000000000000e+00                                      
G10 2025 01 01 12 00 00-2.583768218756e-04-1.591615728103e-11 0.000000000000e+00
     5.300000000000e+01-8.459375000000e+01 4.060883437809e-09-1.410390383255e+00
    -4.300847649574e-06 1.011652871966e-02 9.965151548386e-07 5.153683902740e+03
     3.024000000000e+05 2.644956111908e-07-8.110891392669e-01 1.303851604462e-08
     9.872557210150e-01 3.689062500000e+02-2.334493121603e+00-8.035691861678e-09
    -8.286059433349e-11 1.000000000000e+00 2.347000000000e+03 0.000000000000e+00
     2.000000000000e+00 0.000000000000e+00 2.328306000000e-09 5.300000000000e+01
     2.952300000000e+05 4.000000000000e+00                                      
G14 2025 01 01 12 00 00 5.716220475733e-04 7.389644451905e-12 0.000000000000e+00
     8.100000000000e+01-1.903125000000e+01 5.158071997260e-09-7.132063248662e-01
    -1.141801476479e-06 5.134311970323e-03 6.670132279396e-06 5.153693006516e+03
     3.024000000000e+05 1.713633537292e-07 2.347523378286e+00 1.117587089539e-08
     9.441744469184e-01 2.444687500000e+02-2.864467328813e+00-8.201770208079e-09
    -6.110968832095e-10 1.000000000000e+00 2.347000000000e+03 0.000000000000e+00
     2.000000000000e+00 0.000000000000e+00-7.916242000000e-09 3.370000000000e+02
     2.952300000000e+05 4.000000000000e+00                                      
G17 2025 01 01 12 00 00 4.939716309309e-04-1.682565198280e-11 0.000000000000e+00
     1.280000000000e+02 1.028750000000e+02 3.865875314938e-09 2.887404825144e+00
     5.483627319336e-06 1.338899938855e-02 1.092627644539e-05 5.153607772827e+03
     3.024000000000e+05 1.657754182816e-07-2.850228867107e+00 4.097819328308e-08
     9.660325686426e-01 1.697812500000e+02-1.246552512899e+00-7.341020068666e-09
    -3.425142670940e-10 1.000000000000e+00 2.347000000000e+03 0.000000000000e+00
     2.000000000000e+00 0.000000000000e+00-1.071021000000e-08 1.280000000000e+02
     2.952000000000e+05 4.000000000000e+00                                      
G22 2025 01 01 12 00 00-8.988799527287e-05-2.160049916711e-12 0.000000000000e+00
     9.000000000000e+00-1.190625000000e+01 4.623049711434e-09-2.882922097437e+00
    -5.923211574554e-07 1.350587361958e-02 7.303431630135e-06 5.153667861938e+03
     3.024000000000e+05 8.940696716309e-08 2.416299073424e+00 1.285225152969e-07
     9.596355555756e-01 2.382500000000e+02-1.074286669083e+00-7.647461404607e-09
    -6.285976121851e-10 1.000000000000e+00 2.347000000000e+03 0.000000000000e+00
     2.000000000000e+00 6.300000000000e+01-1.117587000000e-08 9.000000000000e+00
     2.952300000000e+05 4.000000000000e+00                                      
G30 2025 01 01 12 00 00-2.487627789378e-04 8.299139153678e-12 0.000000000000e+00
     8.600000000000e+01 1.828125000000e+01 5.449155550630e-09-2.123810485803e-02
     9.387731552124e-07 7.238185615279e-03 7.012858986855e-06 5.153747953415e+03
     3.024000000000e+05-3.725290298462e-08 1.276122426296e+00 7.636845111847e-08
     9.351593005671e-01 2.278125000000e+02-2.454839135275e+00-8.469281350992e-09
     4.685909472653e-10 1.000000000000e+00 2.347000000000e+03 0.000000000000e+00
     2.000000000000e+00 0.000000000000e+00 3.725290000000e-09 8.600000000000e+01
     2.952000000000e+05 4.000000000000e+00                                      
G32 2025 01 01 12 00 00-5.493648350239e-04 6.593836587854e-12 0.000000000000e+00
     1.090000000000e+02-1.199062500000e+02 4.159458972448e-09-2.695286246725e+00
    -6.191432476044e-06 8.256338303909e-03 1.018308103085e-05 5.153778186798e+03
     3.024000000000e+05 1.434236764908e-07 2.217583256730e-01-8.754432201386e-08
     9.640859001275e-01 1.832500000000e+02-2.114183165289e+00-7.608174053845e-09
     2.335811581642e-10 1.000000000000e+00 2.347000000000e+03 0.000000000000e+00
     2.000000000000e+00 0.000000000000e+00 9.313226000000e-10 1.090000000000e+02
     3.002400000000e+05 4.000000000000e+00                                      
G07 2025 01 01 12 00 00-1.409184187651e-05 6.821210263297e-13 0.000000000000e+00
     3.300000000000e+01 2.065625000000e+01 5.202002398566e-09 1.534815075437e-01
     1.257285475731e-06 1.889755995944e-02 7.286667823792e-06 5.153754108429e+03
     3.024000000000e+05-1.788139343262e-07 1.278794288172e+00 2.104789018631e-07
     9.499858041390e-01 2.351250000000e+02-2.086211552799e+00-8.534641216350e-09
     4.382325398586e-10 1.000000000000e+00 2.347000000000e+03 0.000000000000e+00
     2.000000000000e+00 0.000000000000e+00-1.071020960808e-08 3.300000000000e+01
     2.952180000000e+05 4.000000000000e+00                                      
G04 2025 01 01 12 00 00 5.051465705040e-04 6.025402399250e-12 0.000000000000e+00
     1.700000000000e+01-9.750000000000e+01 4.164102022990e-09 2.595430107980e+00
    -4.995614290240e-06 3.233984927650e-03 1.111067831520e-05 5.153685388570e+03
     3.024000000000e+05-6.891787052150e-08 2.674440255110e-01-1.117587089540e-08
     9.669908794630e-01 1.706875000000e+02-2.967130228040e+00-7.678534127480e-09
     2.703684047860e-10 1.000000000000e+00 2.347000000000e+03 0.000000000000e+00
     2.000000000000e+00 0.000000000000e+00-4.656612873080e-09 7.850000000000e+02
     2.952180000000e+05 4.000000000000e+00                                      
G09 2025 01 01 12 00 00 5.112006329000e-04 1.546140993010e-11 0.000000000000e+00
     1.040000000000e+02-1.035937500000e+02 4.325537318850e-09-2.797620676950e+00
    -5.329027771950e-06 3.196957171890e-03 1.084804534910e-05 5.153796363830e+03
     3.024000000000e+05 1.490116119380e-08 2.062831174110e-01 3.911554813390e-08
     9.607970320700e-01 1.713437500000e+02 2.032350461090e+00-7.744251150570e-09
     2.292952653540e-10 1.000000000000e+00 2.347000000000e+03 0.000000000000e+00
     2.000000000000e+00 0.000000000000e+00 9.313225746150e-10 1.040000000000e+02
     2.952180000000e+05 4.000000000000e+00                                      
G27 2025 01 01 12 00 00-3.359140828250e-05 4.547473508860e-13 0.000000000000e+00
     5.000000000000e+01 7.365625000000e+01 4.048025759380e-09 3.000895509610e+00
     3.760680556300e-06 1.311467669440e-02 1.174211502080e-05 5.153690885540e+03
     3.024000000000e+05 3.539025783540e-08-2.919959429360e+00-1.080334186550e-07
     9.592997076210e-01 1.506875000000e+02 8.049586362270e-01-7.493169263430e-09
    -3.150131215610e-10 1.000000000000e+00 2.347000000000e+03 0.000000000000e+00
     2.000000000000e+00 0.000000000000e+00 1.862645149230e-09 5.000000000000e+01
     2.952180000000e+05 4.000000000000e+00                                      
G03 2025 01 01 12 00 00 6.372500211000e-04 7.958078640510e-12 0.000000000000e+00
     1.800000000000e+01-9.200000000000e+01 4.125528987700e-09-3.899592277790e-01
    -4.786998033520e-06 5.665705772120e-03 2.009794116020e-06 5.153604005810e+03
     3.024000000000e+05-2.235174179080e-08-8.085637564520e-01 5.029141902920e-08
     9.876331992300e-01 3.595937500000e+02 1.146238365220e+00-8.184269479100e-09
    -1.492919328940e-10 1.000000000000e+00 2.347000000000e+03 0.000000000000e+00
     2.000000000000e+00 0.000000000000e+00 1.396983861920e-09 1.800000000000e+01
     2.952180000000e+05 4.000000000000e+00                                      
G26 2025 01 01 12 00 00-3.094784915450e-05-1.477928890380e-11 0.000000000000e+00
     8.300000000000e+01-1.934375000000e+01 5.560588763700e-09-1.543775063930e+00
    -1.009553670880e-06 9.795494610440e-03 5.234032869340e-06 5.153742643360e+03
     3.024000000000e+05 1.378357410430e-07 2.239801829770e+00-1.061707735060e-07
     9.296106190650e-01 2.608437500000e+02 6.029909442850e-01-8.379991917440e-09
    -3.296565886630e-10 1.000000000000e+00 2.347000000000e+03 0.000000000000e+00
     2.000000000000e+00 0.000000000000e+00 6.519258022310e-09 8.300000000000e+01
     2.952180000000e+05 4.000000000000e+00                                      
G16 2025 01 01 12 00 00-8.871220052240e-05 9.436007530890e-12 0.000000000000e+00
     5.200000000000e+01-2.415625000000e+01 4.731268504900e-09-2.357939445710e+00
    -1.303851604460e-06 1.446019811560e-02 6.709247827530e-06 5.153664073940e+03
     3.024000000000e+05 1.825392246250e-07 2.412995396250e+00-1.024454832080e-07
     9.602708365290e-01 2.484062500000e+02 8.649308458530e-01-7.845326789350e-09
    -4.296607542380e-10 1.000000000000e+00 2.347000000000e+03 0.000000000000e+00
     2.000000000000e+00 0.000000000000e+00-1.071020960810e-08 5.200000000000e+01
     2.952180000000e+05 4.000000000000e+00                                      
G31 2025 01 01 12 00 00-2.188119105990e-04 7.958078640510e-13 0.000000000000e+00
     8.700000000000e+01 1.556250000000e+01 4.923062208160e-09-8.959112024580e-01
     9.648501873020e-07 1.070151105520e-02 7.180497050290e-06 5.153602111820e+03
     3.024000000000e+05 1.303851604460e-07 1.301232892860e+00 1.452863216400e-07
     9.538838268960e-01 2.368125000000e+02 7.910863034170e-01-8.134267396320e-09
     4.860916762410e-10 1.000000000000e+00 2.347000000000e+03 0.000000000000e+00
     2.000000000000e+00 0.000000000000e+00-1.350417733190e-08 8.700000000000e+01
     2.952180000000e+05 4.000000000000e+00                                      
G28 2025 01 01 12 00 00-5.240538157520e-04-1.011812855720e-11 0.000000000000e+00
     1.860000000000e+02 9.062500000000e+00 4.680909264370e-09-1.076033453250e+00
     4.582107067110e-07 4.434619331730e-04 7.793307304380e-06 5.153785350800e+03
     3.024000000000e+05-9.313225746150e-09 1.248221657080e+00-2.980232238770e-08
     9.610615305850e-01 2.277500000000e+02 1.420897808450e+00-7.911043812440e-09
     4.928776731910e-10 1.000000000000e+00 2.347000000000e+03 0.000000000000e+00
     2.000000000000e+00 0.000000000000e+00-9.313225746150e-09 6.980000000000e+02
     2.952180000000e+05 4.000000000000e+00                                      
G21 2025 01 01 12 00 00 9.951367974280e-05 1.818989403550e-12 0.000000000000e+00
     8.700000000000e+01 1.471562500000e+02 4.294821753710e-09 2.744976480000e+00
     7.547438144680e-06 2.586130611600e-02 3.727152943610e-06 5.153631460190e+03
     3.024000000000e+05-1.657754182820e-07-1.956550689140e+00 4.880130290990e-07
     9.606441366500e-01 3.036875000000e+02-4.681989232560e-01-7.918901282600e-09
     2.303667385560e-10 1.000000000000e+00 2.347000000000e+03 0.000000000000e+00
     2.000000000000e+00 0.000000000000e+00-1.024454832080e-08 8.700000000000e+01
     2.995620000000e+05 4.000000000000e+00                                      
G13 2025 01 01 13 59 44 6.920313462620e-04 1.250555214940e-12 0.000000000000e+00
     2.800000000000e+01-9.368750000000e+01 3.890162040860e-09-2.602097923270e+00
    -5.001202225690e-06 8.807994658130e-03 1.206994056700e-05 5.153694448470e+03
     3.095840000000e+05 8.940696716310e-08 3.753132731670e-01-9.872019290920e-08
     9.731762521710e-01 1.500312500000e+02 9.702374838170e-01-7.465668117900e-09
     4.221604418200e-10 1.000000000000e+00 2.347000000000e+03 0.000000000000e+00
     2.000000000000e+00 0.000000000000e+00-1.117587089540e-08 2.800000000000e+01
     3.024180000000e+05 4.000000000000e+00                                      
G10 2025 01 01 13 59 44-2.584909088910e-04-1.591615728100e-11 0.000000000000e+00
     6.500000000000e+01-8.162500000000e+01 4.149101398160e-09-3.625718974550e-01
    -4.097819328310e-06 1.011661125810e-02 1.324340701100e-06 5.153683704380e+03
     3.095840000000e+05-3.725290298460e-09-8.111477788750e-01 1.750886440280e-07
     9.872535617480e-01 3.690000000000e+02-2.334473477540e+00-8.342847513090e-09
    -1.242908915000e-10 1.000000000000e+00 2.347000000000e+03 0.000000000000e+00
     2.000000000000e+00 0.000000000000e+00 2.328306436540e-09 6.500000000000e+01
     3.024180000000e+05 4.000000000000e+00                                      
G32 2025 01 01 13 59 44-5.493178032340e-04 6.593836587850e-12 0.000000000000e+00
     9.000000000000e+00-1.250937500000e+02 4.131243511450e-09-1.647424315180e+00
    -6.360933184620e-06 8.255997672680e-03 1.023523509500e-05 5.153779582980e+03
     3.095840000000e+05 1.918524503710e-07 2.217036871460e-01 3.911554813390e-08
     9.640876614810e-01 1.807812500000e+02-2.114264721510e+00-7.647104246870e-09
     2.396528396460e-10 1.000000000000e+00 2.347000000000e+03 0.000000000000e+00
     2.000000000000e+00 0.000000000000e+00 9.313225746150e-10 9.000000000000e+00
     3.047280000000e+05 4.000000000000e+00                                      
G06 2025 01 01 13 59 44-8.738739416003e-05-2.762590156635e-11 0.000000000000e+00
     1.000000000000e+00 1.197500000000e+02 3.781586089668e-09 2.023871215274e+00
     6.355345249176e-06 3.431900520809e-03 2.795830368996e-06 5.153760982513e+03
     3.095840000000e+05 1.117587089539e-08-1.844849978572e+00 5.960464477539e-08
     9.891246149533e-01 3.387500000000e+02-7.315840576868e-01-7.877470985429e-09
     2.482246252663e-10 1.000000000000e+00 2.347000000000e+03 0.000000000000e+00
     2.000000000000e+00 0.000000000000e+00 3.725290000000e-09 1.000000000000e+00
     3.039600000000e+05 4.000000000000e+00                                      
G17 2025 01 01 13 59 44 4.938496276736e-04-1.682565198280e-11 0.000000000000e+00
     3.400000000000e+01 9.087500000000e+01 3.919091817334e-09-2.347838236292e+00
     4.749745130539e-06 1.338774303440e-02 1.100637018681e-05 5.153610408783e+03
     3.095840000000e+05 2.142041921616e-07-2.850281362460e+00 2.030283212662e-07
     9.660298432262e-01 1.720000000000e+02-1.246612249695e+00-7.424594978468e-09
    -3.828730910582e-10 1.000000000000e+00 2.347000000000e+03 0.000000000000e+00
     2.000000000000e+00 0.000000000000e+00-1.071021000000e-08 3.400000000000e+01
     3.024000000000e+05 4.000000000000e+00                                      
G19 2025 01 01 13 59 44 5.809660069644e-04 4.661160346586e-12 0.000000000000e+00
     5.000000000000e+00 9.284375000000e+01 4.053740283126e-09-4.775540298251e-01
     4.794448614120e-06 1.001740025822e-02 1.088157296181e-05 5.153604455948e+03
     3.095840000000e+05 1.024454832077e-07-2.806105887082e+00-2.793967723846e-07
     9.652357010727e-01 1.789062500000e+02 2.700078149001e+00-7.721393055585e-09
    -3.067984936744e-10 1.000000000000e+00 2.347000000000e+03 0.000000000000e+00
     2.000000000000e+00 0.000000000000e+00-1.536682000000e-08 5.000000000000e+00
     3.025500000000e+05 4.000000000000e+00                                      
G09 2025 01 01 13 59 44 5.113119259480e-04 1.546140993010e-11 0.000000000000e+00
     3.000000000000e+00-1.054687500000e+02 4.265534819500e-09-1.749442246010e+00
    -5.384907126430e-06 3.196173813190e-03 1.045875251290e-05 5.153799167630e+03
     3.095840000000e+05-4.656612873080e-08 2.062273948620e-01 6.146728992460e-08
     9.607984481750e-01 1.825937500000e+02 2.031942222090e+00-7.793896075630e-09
     2.253665302780e-10 1.000000000000e+00 2.347000000000e+03 0.000000000000e+00
     2.000000000000e+00 0.000000000000e+00 9.313225746150e-10 3.000000000000e+00
     3.027480000000e+05 4.000000000000e+00                                      
G03 2025 01 01 13 59 44 6.373077630997e-04 7.958078640513e-12 0.000000000000e+00
     2.500000000000e+01-8.537500000000e+01 4.035882396416e-09 6.580213171605e-01
    -4.686415195465e-06 5.665765726008e-03 1.491978764534e-06 5.153603979111e+03
     3.095840000000e+05-1.862645149231e-08-8.086225233338e-01 9.313225746155e-09
     9.876321005784e-01 3.640625000000e+02 1.146143613482e+00-8.188198214179e-09
    -1.667926618696e-10 1.000000000000e+00 2.347000000000e+03 0.000000000000e+00
     2.000000000000e+00 0.000000000000e+00 1.396983861923e-09 2.500000000000e+01
     3.073080000000e+05 4.000000000000e+00                                      
G23 2025 01 01 14 00 00 3.952602855860e-04 7.617018127350e-12 0.000000000000e+00
     1.470000000000e+02-8.428125000000e+01 4.238747989440e-09 8.152527445610e-01
    -4.408881068230e-06 4.990111920050e-03 8.959323167800e-07 5.153629632950e+03
     3.096000000000e+05-2.235174179080e-08-8.412016445910e-01 1.341104507450e-07
     9.823455681450e-01 3.747187500000e+02-2.866791958310e+00-8.270344493040e-09
    -1.696499237430e-10 1.000000000000e+00 2.347000000000e+03 0.000000000000e+00
     2.000000000000e+00 0.000000000000e+00-8.381903171540e-09 9.150000000000e+02
     3.024180000000e+05 4.000000000000e+00                                      
G05 2025 01 01 14 00 00-1.977458596230e-04-1.136868377220e-12 0.000000000000e+00
     2.100000000000e+01-9.212500000000e+01 4.291607334100e-09-1.982606829840e+00
    -4.630535840990e-06 5.600785254500e-03 6.649643182750e-07 5.153728914260e+03
     3.096000000000e+05 3.166496753690e-08-8.628192172320e-01 2.048909664150e-08
     9.744570603570e-01 3.672187500000e+02 1.330025765620e+00-8.240700401110e-09
    -1.039329006510e-10 1.000000000000e+00 2.347000000000e+03 0.000000000000e+00
     2.000000000000e+00 0.000000000000e+00-1.071020960810e-08 2.100000000000e+01
     3.024180000000e+05 4.000000000000e+00                                      
G15 2025 01 01 14 00 00 2.465196885170e-04 4.547473508860e-12 0.000000000000e+00
     8.000000000000e+01-1.458750000000e+02 4.666265797270e-09 2.955557222090e+00
    -7.631257176400e-06 1.611491153020e-02 9.998679161070e-06 5.153753015520e+03
     3.096000000000e+05 1.974403858180e-07 7.281474758650e-02-1.527369022370e-07
     9.380364039990e-01 1.717187500000e+02 1.386669896600e+00-7.788538709610e-09
     7.536028191540e-11 1.000000000000e+00 2.347000000000e+03 0.000000000000e+00
     2.000000000000e+00 0.000000000000e+00-1.024454832080e-08 8.000000000000e+01
     3.024180000000e+05 4.000000000000e+00                                      
G25 2025 01 01 14 00 00 4.973709583280e-04-5.684341886080e-13 0.000000000000e+00
     5.100000000000e+01-9.906250000000e+00 5.252361639090e-09 2.925056569490e-01
    -4.284083843230e-07 1.230309123640e-02 6.128102540970e-06 5.153676868440e+03
     3.096000000000e+05-1.434236764910e-07 2.306310762600e+00 1.229345798490e-07
     9.488973784590e-01 2.549062500000e+02 1.106494409570e+00-8.401778539230e-09
    -5.310935507500e-10 1.000000000000e+00 2.347000000000e+03 0.000000000000e+00
     2.000000000000e+00 0.000000000000e+00 5.587935447690e-09 5.100000000000e+01
     3.024180000000e+05 4.000000000000e+00                                      
G24 2025 01 01 14 00 00-4.683067090810e-04 3.637978807090e-12 0.000000000000e+00
     7.200000000000e+01 8.375000000000e+00 5.316292873510e-09 2.086017606430e+00
     2.086162567140e-07 1.641385629770e-02 8.581206202510e-06 5.153684123990e+03
     3.096000000000e+05-1.303851604460e-07 1.177798945860e+00-3.278255462650e-07
     9.338380280680e-01 1.986875000000e+02 1.042997781590e+00-8.073907739240e-09
     6.693135938830e-10 1.000000000000e+00 2.347000000000e+03 0.000000000000e+00
     2.000000000000e+00 0.000000000000e+00 2.328306436540e-09 7.200000000000e+01
     3.024180000000e+05 4.000000000000e+00                                      
G12 2025 01 01 14 00 00-5.618962459270e-04-2.273736754430e-12 0.000000000000e+00
     6.800000000000e+01-9.968750000000e+00 4.846987610780e-09 4.724916734950e-01
    -5.699694156650e-07 8.985673193820e-03 7.001683115960e-06 5.153759262080e+03
     3.096000000000e+05-1.192092895510e-07 2.395347761950e+00-1.676380634310e-08
     9.608890671720e-01 2.459375000000e+02 1.464006806310e+00-8.132838765380e-09
    -6.057395171970e-10 1.000000000000e+00 2.347000000000e+03 0.000000000000e+00
     2.000000000000e+00 0.000000000000e+00-1.257285475730e-08 6.800000000000e+01
     3.024180000000e+05 4.000000000000e+00                                      
G29 2025 01 01 14 00 00-5.509620532390e-04 3.296918293930e-12 0.000000000000e+00
     4.100000000000e+01 1.001250000000e+02 3.952307486610e-09-2.382197563540e+00
     5.083158612250e-06 2.884118701330e-03 1.140870153900e-05 5.153730827330e+03
     3.096000000000e+05-5.029141902920e-08-2.834709115920e+00 3.725290298460e-09
     9.685355775890e-01 1.633437500000e+02 2.645581229200e+00-7.584958801120e-09
    -3.900162457420e-10 1.000000000000e+00 2.347000000000e+03 0.000000000000e+00
     2.000000000000e+00 0.000000000000e+00-9.778887033460e-09 4.100000000000e+01
     3.024180000000e+05 4.000000000000e+00                                      
G18 2025 01 01 14 00 00-6.591985002160e-04 1.023181539490e-12 0.000000000000e+00
     1.450000000000e+02 1.375312500000e+02 4.205175162420e-09 1.933011765240e+00
     7.107853889470e-06 4.797705914830e-03 3.198161721230e-06 5.153717340470e+03
     3.096000000000e+05-4.470348358150e-08-1.843883652420e+00 2.235174179080e-08
     9.740183780380e-01 3.250312500000e+02-2.934929355950e+00-8.151768125290e-09
     2.503675716710e-10 1.000000000000e+00 2.347000000000e+03 0.000000000000e+00
     2.000000000000e+00 0.000000000000e+00-8.381903171540e-09 6.570000000000e+02
     3.024180000000e+05 4.000000000000e+00                                      
G26 2025 01 01 14 00 00-3.105448558930e-05-1.477928890380e-11 0.000000000000e+00
     9.000000000000e+01-1.328125000000e+01 5.734881737990e-09-4.937153174080e-01
    -6.854534149170e-07 9.795107995160e-03 5.342066287990e-06 5.153740848540e+03
     3.096000000000e+05 8.009374141690e-08 2.239741330790e+00 1.396983861920e-07
     9.296069398260e-01 2.579687500000e+02 6.030783258440e-01-8.618930441620e-09
    -4.189460222120e-10 1.000000000000e+00 2.347000000000e+03 0.000000000000e+00
     2.800000000000e+00 0.000000000000e+00 6.519258022310e-09 9.000000000000e+01
     3.052080000000e+05 4.000000000000e+00                                      
G06 2025 01 01 14 00 00-8.738692849874e-05-2.762590156635e-11 0.000000000000e+00
     1.090000000000e+02 1.197500000000e+02 3.781943247402e-09 2.026206251966e+00
     6.355345249176e-06 3.431905759498e-03 2.795830368996e-06 5.153760982513e+03
     3.096000000000e+05 1.117587089539e-08-1.844850120475e+00 5.960464477539e-08
     9.891246237308e-01 3.387500000000e+02-7.315854811061e-01-7.877470985429e-09
     2.482246252663e-10 1.000000000000e+00 2.347000000000e+03 0.000000000000e+00
     2.000000000000e+00 0.000000000000e+00 3.725290000000e-09 1.090000000000e+02
     3.024300000000e+05 4.000000000000e+00                                      
G11 2025 01 01 14 00 00-7.525268010795e-04 4.547473508865e-13 0.000000000000e+00
     1.740000000000e+02 1.185937500000e+02 4.287678599024e-09 3.069448137533e+00
     6.224960088730e-06 1.753124990501e-03 2.440065145493e-06 5.153593896866e+03
     3.096000000000e+05 5.774199962616e-08-1.816651049094e+00 1.490116119385e-08
     9.657946513496e-01 3.344375000000e+02-2.347547836813e+00-8.168554538799e-09
     3.178703834345e-10 1.000000000000e+00 2.347000000000e+03 0.000000000000e+00
     2.000000000000e+00 0.000000000000e+00-8.847564000000e-09 1.740000000000e+02
     3.025500000000e+05 4.000000000000e+00                                      
G22 2025 01 01 14 00 00-8.990382775664e-05-2.160049916711e-12 0.000000000000e+00
     2.200000000000e+01-1.618750000000e+01 4.797699843456e-09-1.832680564330e+00
    -8.065253496170e-07 1.350509095937e-02 7.012858986855e-06 5.153669916153e+03
     3.096000000000e+05-2.812594175339e-07 2.416243478148e+00 3.147870302200e-07
     9.596292152887e-01 2.445937500000e+02-1.074343433231e+00-8.016405344031e-09
    -6.775282217700e-10 1.000000000000e+00 2.347000000000e+03 0.000000000000e+00
     2.000000000000e+00 6.300000000000e+01-1.117587000000e-08 2.200000000000e+01
     3.024300000000e+05 4.000000000000e+00                                      
G28 2025 01 01 14 00 00-5.241264589131e-04-1.011812855722e-11 0.000000000000e+00
     1.870000000000e+02 3.843750000000e+00 4.777699010341e-09-2.707606524394e-02
     3.855675458908e-07 4.429823020473e-04 7.912516593933e-06 5.153784070969e+03
     3.096000000000e+05 8.940696716309e-08 1.248164183414e+00-3.911554813385e-08
     9.610650986418e-01 2.258125000000e+02 1.422055422842e+00-7.960331579762e-09
     5.560945921433e-10 1.000000000000e+00 2.347000000000e+03 0.000000000000e+00
     2.000000000000e+00 0.000000000000e+00-9.313226000000e-09 6.990000000000e+02
     3.063300000000e+05 4.000000000000e+00                                      
G32 2025 01 01 14 00 00-5.493178032339e-04 6.593836587854e-12 0.000000000000e+00
     1.100000000000e+02-1.250937500000e+02 4.131243511446e-09-1.645090186964e+00
    -6.360933184624e-06 8.256002794951e-03 1.023523509502e-05 5.153779579163e+03
     3.096000000000e+05 1.918524503708e-07 2.217035627976e-01 3.911554813385e-08
     9.640876717213e-01 1.807812500000e+02-2.114265248160e+00-7.647104246872e-09
     2.396528396456e-10 1.000000000000e+00 2.347000000000e+03 0.000000000000e+00
     2.000000000000e+00 0.000000000000e+00 9.313226000000e-10 1.100000000000e+02
     3.024300000000e+05 4.000000000000e+00                                      
G20 2025 01 01 14 00 00 3.674151375890e-04-3.410605131648e-13 0.000000000000e+00
     7.300000000000e+01-6.493750000000e+01 4.725911138883e-09 2.314834839534e+00
    -3.334134817123e-06 3.833048976958e-03 5.215406417847e-08 5.153670999527e+03
     3.096000000000e+05-6.891787052155e-08-9.954982593669e-01-1.341104507446e-07
     9.566306311399e-01 3.746250000000e+02-2.376155161817e+00-8.488925026373e-09
    -6.571702309208e-11 1.000000000000e+00 2.347000000000e+03 0.000000000000e+00
     2.000000000000e+00 0.000000000000e+00-8.381903171539e-09 7.300000000000e+01
     3.024180000000e+05 4.000000000000e+00                                      
G30 2025 01 01 14 00 00-2.487031742930e-04 8.299139153678e-12 0.000000000000e+00
     8.900000000000e+01 2.403125000000e+01 5.494157425138e-09 1.028821806969e+00
     1.436099410057e-06 7.239244179800e-03 7.577240467072e-06 5.153750274658e+03
     3.096000000000e+05-2.980232238770e-08 1.276061318744e+00 9.126961231232e-08
     9.351627033145e-01 2.215937500000e+02-2.454757328896e+00-8.474995874739e-09
     4.875203071777e-10 1.000000000000e+00 2.347000000000e+03 0.000000000000e+00
     2.000000000000e+00 0.000000000000e+00 3.725290298462e-09 8.900000000000e+01
     3.024180000000e+05 4.000000000000e+00                                      
G14 2025 01 01 14 00 00 5.716751329601e-04 7.389644451905e-12 0.000000000000e+00
     8.200000000000e+01-1.890625000000e+01 5.295220567191e-09 3.370259640613e-01
    -1.063570380211e-06 5.135423620231e-03 5.980953574181e-06 5.153695190430e+03
     3.096000000000e+05-7.450580596924e-09 2.347463580046e+00 1.862645149231e-08
     9.441692491705e-01 2.526875000000e+02-2.864526158601e+00-8.379991917443e-09
    -6.103825677411e-10 1.000000000000e+00 2.347000000000e+03 0.000000000000e+00
     2.000000000000e+00 0.000000000000e+00-7.916241884232e-09 3.380000000000e+02
     3.024180000000e+05 4.000000000000e+00                                      
G21 2025 01 01 14 00 00 9.952671825890e-05 1.818989403550e-12 0.000000000000e+00
     9.000000000000e+01 1.532500000000e+02 4.155887395110e-09-2.488015991690e+00
     8.190050721170e-06 2.586296410300e-02 4.794448614120e-06 5.153628337860e+03
     3.096000000000e+05-3.650784492490e-07-1.956607640540e+00 2.961605787280e-07
     9.606463895440e-01 2.934062500000e+02-4.681861885540e-01-7.865327622470e-09
     3.096557555480e-10 1.000000000000e+00 2.347000000000e+03 0.000000000000e+00
     2.000000000000e+00 0.000000000000e+00-1.024454832080e-08 9.000000000000e+01
     3.024180000000e+05 4.000000000000e+00                                      
G04 2025 01 01 14 00 00 5.051894113420e-04 6.025402399250e-12 0.000000000000e+00
     1.800000000000e+01-1.003125000000e+02 4.083384375060e-09-2.637690418780e+00
    -5.213543772700e-06 3.233167226430e-03 1.088343560700e-05 5.153686927800e+03
     3.096000000000e+05-2.793967723850e-08 2.673888837400e-01-3.166496753690e-08
     9.669929860650e-01 1.778750000000e+02-2.967024974010e+00-7.647461404610e-09
     2.746542975970e-10 1.000000000000e+00 2.347000000000e+03 0.000000000000e+00
     2.000000000000e+00 0.000000000000e+00-4.656612873080e-09 7.860000000000e+02
     3.024180000000e+05 4.000000000000e+00                                      
G09 2025 01 01 14 00 00 5.113119259480e-04 1.546140993010e-11 0.000000000000e+00
     1.050000000000e+02-1.054687500000e+02 4.265534819500e-09-1.747111766310e+00
    -5.384907126430e-06 3.196173463950e-03 1.045875251290e-05 5.153799165730e+03
     3.096000000000e+05-4.656612873080e-08 2.062272661250e-01 6.146728992460e-08
     9.607984554890e-01 1.825937500000e+02 2.031945310310e+00-7.793896075630e-09
     2.253665302780e-10 1.000000000000e+00 2.347000000000e+03 0.000000000000e+00
     2.800000000000e+00 0.000000000000e+00 9.313225746150e-10 1.050000000000e+02
     3.024180000000e+05 4.000000000000e+00                                      
G27 2025 01 01 14 00 00-3.358814865350e-05 4.547473508860e-13 0.000000000000e+00
     5.100000000000e+01 6.975000000000e+01 4.073383958510e-09-2.232139911900e+00
     3.580003976820e-06 1.311534957490e-02 1.161172986030e-05 5.153689556120e+03
     3.096000000000e+05 2.235174179080e-08-2.920013200370e+00-1.285225152970e-07
     9.592974049870e-01 1.539062500000e+02 8.049762029470e-01-7.484597477810e-09
    -3.396570052200e-10 1.000000000000e+00 2.347000000000e+03 0.000000000000e+00
     2.000000000000e+00 0.000000000000e+00 1.862645149230e-09 5.100000000000e+01
     3.024180000000e+05 4.000000000000e+00                                      
G07 2025 01 01 14 00 00-1.408671960230e-05 6.821210263300e-13 0.000000000000e+00
     4.600000000000e+01 1.387500000000e+01 5.175929883970e-09 1.203540962940e+00
     7.711350917820e-07 1.889910956380e-02 8.270144462590e-06 5.153758190160e+03
     3.096000000000e+05-4.023313522340e-07 1.278732734430e+00 1.005828380580e-07
     9.499888982110e-01 2.220625000000e+02-2.086135305510e+00-8.453566410690e-09
     4.718053668730e-10 1.000000000000e+00 2.347000000000e+03 0.000000000000e+00
     2.000000000000e+00 0.000000000000e+00-1.071020960810e-08 4.600000000000e+01
     3.024180000000e+05 4.000000000000e+00                                      
G03 2025 01 01 14 00 00 6.373068317770e-04 7.958078640510e-12 0.000000000000e+00
     1.900000000000e+01-8.537500000000e+01 4.035882396420e-09 6.603547899930e-01
    -4.686415195470e-06 5.665763048460e-03 1.491978764530e-06 5.153603979110e+03
     3.096000000000e+05-1.862645149230e-08-8.086226447560e-01 9.313225746150e-09
     9.876321005780e-01 3.640625000000e+02 1.146143955800e+00-8.188198214180e-09
    -1.667926618700e-10 1.000000000000e+00 2.347000000000e+03 0.000000000000e+00
     2.000000000000e+00 0.000000000000e+00 1.396983861920e-09 1.900000000000e+01
     3.024180000000e+05 4.000000000000e+00                                      
G08 2025 01 01 14 00 00 4.516853950920e-04 8.299139153680e-12 0.000000000000e+00
     6.100000000000e+01 6.153125000000e+01 4.346252467430e-09-2.318248574960e+00
     3.129243850710e-06 1.026917411950e-02 1.165643334390e-05 5.153734167100e+03
     3.096000000000e+05-3.725290298460e-08-2.948348934640e+00-8.195638656620e-08
     9.502377917780e-01 1.500312500000e+02 3.964479643460e-01-7.704963799810e-09
    -3.428714248280e-10 1.000000000000e+00 2.347000000000e+03 0.000000000000e+00
     2.000000000000e+00 0.000000000000e+00 4.656612873080e-09 6.100000000000e+01
     3.024180000000e+05 4.000000000000e+00                                      
G16 2025 01 01 14 00 00-8.864374831320e-05 9.436007530890e-12 0.000000000000e+00
     5.800000000000e+01-1.309375000000e+01 4.820557938440e-09-1.307866867940e+00
    -5.811452865600e-07 1.446079125160e-02 6.319954991340e-06 5.153660703660e+03
     3.096000000000e+05 3.278255462650e-07 2.412939313820e+00 8.940696716310e-08
     9.602671646050e-01 2.550000000000e+02 8.650475764750e-01-7.978546624210e-09
    -5.239503960660e-10 1.000000000000e+00 2.347000000000e+03 0.000000000000e+00
     2.000000000000e+00 0.000000000000e+00-1.071020960810e-08 5.800000000000e+01
     3.024180000000e+05 4.000000000000e+00                                      
G31 2025 01 01 14 00 00-2.188058570030e-04 7.958078640510e-13 0.000000000000e+00
     8.800000000000e+01 7.937500000000e+00 5.010923010770e-09 1.542700979230e-01
     6.090849637990e-07 1.070016471200e-02 7.551163434980e-06 5.153599348070e+03
     3.096000000000e+05 7.450580596920e-09 1.301173826080e+00 1.210719347000e-07
     9.538870160570e-01 2.302500000000e+02 7.911337999780e-01-8.212484940100e-09
     4.857345185070e-10 1.000000000000e+00 2.347000000000e+03 0.000000000000e+00
     2.000000000000e+00 0.000000000000e+00-1.350417733190e-08 8.800000000000e+01
     3.024180000000e+05 4.000000000000e+00                                      
G02 2025 01 01 14 00 00-2.782586961980e-04 8.981260180010e-12 0.000000000000e+00
     1.360000000000e+02 1.444062500000e+02 4.125171829960e-09-2.190218088150e+00
     7.884576916690e-06 1.654650573620e-02 4.017725586890e-06 5.153685062410e+03
     3.096000000000e+05 2.607703208920e-08-1.948109126630e+00 3.278255462650e-07
     9.664025523280e-01 3.058750000000e+02-1.063618460410e+00-7.928187383680e-09
     3.014411276610e-10 1.000000000000e+00 2.347000000000e+03 0.000000000000e+00
     2.800000000000e+00 0.000000000000e+00-1.769512891770e-08 1.360000000000e+02
     3.024180000000e+05 4.000000000000e+00                                      
G01 2025 01 01 14 00 00 1.046853140000e-05 3.581135388230e-11 0.000000000000e+00
     4.600000000000e+01 1.181562500000e+02 4.499830293140e-09-2.106629093740e+00
     6.230548024180e-06 2.099645789710e-04 2.477318048480e-06 5.153752782820e+03
     3.096000000000e+05-1.862645149230e-09-1.783319222840e+00 9.313225746150e-09
     9.596596893350e-01 3.291562500000e+02-1.300967579500e+00-8.314632052080e-09
     2.975123925850e-10 1.000000000000e+00 2.347000000000e+03 0.000000000000e+00
     2.800000000000e+00 6.300000000000e+01-1.396983861920e-09 4.600000000000e+01
     3.074880000000e+05 4.000000000000e+00                                      
G32 2025 01 01 15 59 44-5.492707714440e-04 6.593836587850e-12 0.000000000000e+00
     3.700000000000e+01-1.233750000000e+02 4.239105147170e-09-5.974291696660e-01
    -6.251037120820e-06 8.255535271020e-03 1.089461147790e-05 5.153777524950e+03
     3.167840000000e+05-4.284083843230e-08 2.216479090050e-01 1.266598701480e-07
     9.640881530210e-01 1.731875000000e+02-2.114145539040e+00-7.899257607210e-09
     2.171519023910e-10 1.000000000000e+00 2.347000000000e+03 0.000000000000e+00
     2.000000000000e+00 0.000000000000e+00 9.313225746150e-10 3.700000000000e+01
     3.096180000000e+05 4.000000000000e+00                                      
G27 2025 01 01 15 59 44-3.358628600840e-05 4.547473508860e-13 0.000000000000e+00
     8.000000000000e+00 7.646875000000e+01 4.236962200770e-09-1.184383345570e+00
     3.935769200330e-06 1.311567600350e-02 1.139566302300e-05 5.153687574390e+03
     3.167840000000e+05 3.203749656680e-07-2.920066296990e+00 1.080334186550e-07
     9.592936087150e-01 1.585937500000e+02 8.050544090850e-01-7.718178635980e-09
    -5.418082827750e-10 1.000000000000e+00 2.347000000000e+03 0.000000000000e+00
     2.000000000000e+00 0.000000000000e+00 1.862645149230e-09 8.000000000000e+00
     3.127980000000e+05 4.000000000000e+00                                      
G26 2025 01 01 15 59 44-3.116251900790e-05-1.477928890380e-11 0.000000000000e+00
     1.300000000000e+01-1.109375000000e+01 5.780240770230e-09 5.540898251170e-01
    -3.427267074580e-07 9.795367717740e-03 5.325302481650e-06 5.153741353990e+03
     3.167840000000e+05-1.676380634310e-08 2.239679497630e+00 1.415610313420e-07
     9.296038881790e-01 2.573437500000e+02 6.030882210220e-01-8.610358656000e-09
    -4.503759028210e-10 1.000000000000e+00 2.347000000000e+03 0.000000000000e+00
     2.000000000000e+00 0.000000000000e+00 6.519258022310e-09 1.300000000000e+01
     3.147180000000e+05 4.000000000000e+00                                      
G06 2025 01 01 15 59 44-8.758576586843e-05-2.762590156635e-11 0.000000000000e+00
     2.000000000000e+00 1.175000000000e+02 3.794443768099e-09 3.073714679594e+00
     6.144866347313e-06 3.430834971368e-03 3.527849912643e-06 5.153763643265e+03
     3.167840000000e+05 3.725290298462e-09-1.844906571558e+00 2.048909664154e-08
     9.891262621991e-01 3.284062500000e+02-7.313063563366e-01-7.875328039024e-09
     2.232235838726e-10 1.000000000000e+00 2.347000000000e+03 0.000000000000e+00
     2.000000000000e+00 0.000000000000e+00 3.725290000000e-09 2.000000000000e+00
     3.096300000000e+05 4.000000000000e+00                                      
G09 2025 01 01 15 59 44 5.114236846570e-04 1.546140993010e-11 0.000000000000e+00
     4.000000000000e+00-1.171562500000e+02 4.238390831700e-09-6.997930967110e-01
    -6.347894668580e-06 3.195285098630e-03 1.013092696670e-05 5.153796018600e+03
     3.167840000000e+05-4.284083843230e-08 2.061710520350e-01 9.313225746150e-09
     9.608000544590e-01 1.882500000000e+02 2.032395971000e+00-7.820325747960e-09
     2.350097891010e-10 1.000000000000e+00 2.347000000000e+03 0.000000000000e+00
     2.000000000000e+00 0.000000000000e+00 9.313225746150e-10 4.000000000000e+00
     3.096180000000e+05 4.000000000000e+00                                      
G02 2025 01 01 15 59 44-2.781935036180e-04 8.981260180010e-12 0.000000000000e+00
     1.500000000000e+01 1.314687500000e+02 4.344823836500e-09-1.142566876790e+00
     6.986781954770e-06 1.654711307490e-02 5.345791578290e-06 5.153679079060e+03
     3.167840000000e+05-2.607703208920e-07-1.948168584010e+00 7.450580596920e-09
     9.664033306010e-01 2.869375000000e+02-1.063428819420e+00-8.331775623330e-09
     4.064455015150e-10 1.000000000000e+00 2.347000000000e+03 0.000000000000e+00
     2.000000000000e+00 0.000000000000e+00-1.769512891770e-08 1.500000000000e+01
     3.120660000000e+05 4.000000000000e+00                                      
G13 2025 01 01 15 59 44 6.920406594870e-04 1.250555214940e-12 0.000000000000e+00
     1.080000000000e+02-8.065625000000e+01 3.989094733240e-09-1.552185796890e+00
    -4.220753908160e-06 8.809556486090e-03 1.127086579800e-05 5.153689359660e+03
     3.167840000000e+05 2.272427082060e-07 3.752598503250e-01-7.450580596920e-09
     9.731789380890e-01 1.652500000000e+02 9.704910280010e-01-7.545671450360e-09
     3.500145795120e-10 1.000000000000e+00 2.347000000000e+03 0.000000000000e+00
     2.000000000000e+00 0.000000000000e+00-1.117587089540e-08 1.080000000000e+02
     3.135360000000e+05 4.000000000000e+00                                      
G03 2025 01 01 15 59 44 6.373650394380e-04 7.958078640510e-12 0.000000000000e+00
     2.600000000000e+01-7.846875000000e+01 3.996237887920e-09 1.708377190480e+00
    -4.148110747340e-06 5.664973985400e-03 1.128762960430e-06 5.153602075580e+03
     3.167840000000e+05-3.911554813390e-08-8.086815652450e-01-4.470348358150e-08
     9.876311423670e-01 3.710625000000e+02 1.146008938710e+00-8.145339286080e-09
    -1.385772008680e-10 1.000000000000e+00 2.347000000000e+03 0.000000000000e+00
     2.000000000000e+00 0.000000000000e+00 1.396983861920e-09 2.600000000000e+01
     3.146820000000e+05 4.000000000000e+00                                      
G23 2025 01 01 16 00 00 3.953147679570e-04 7.617018127350e-12 0.000000000000e+00
     1.480000000000e+02-8.790625000000e+01 4.162673392060e-09 1.865271984340e+00
    -4.546716809270e-06 4.990122164600e-03 1.067295670510e-06 5.153631341930e+03
     3.168000000000e+05-1.024454832080e-07-8.412609864000e-01 8.568167686460e-08
     9.823441608170e-01 3.685312500000e+02-2.866605959980e+00-8.247843555790e-09
    -1.967939115420e-10 1.000000000000e+00 2.347000000000e+03 0.000000000000e+00
     2.000000000000e+00 0.000000000000e+00-8.381903171540e-09 9.160000000000e+02
     3.096180000000e+05 4.000000000000e+00                                      
G25 2025 01 01 16 00 00 4.973672330380e-04-5.684341886080e-13 0.000000000000e+00
     5.200000000000e+01-1.487500000000e+01 5.243075538000e-09 1.342628352830e+00
    -8.828938007350e-07 1.230373105500e-02 6.537884473800e-06 5.153678758620e+03
     3.168000000000e+05-2.775341272350e-07 2.306250048570e+00-3.725290298460e-09
     9.488936904420e-01 2.501875000000e+02 1.106555657560e+00-8.326775415050e-09
    -4.860916762410e-10 1.000000000000e+00 2.347000000000e+03 0.000000000000e+00
     2.000000000000e+00 0.000000000000e+00 5.587935447690e-09 5.200000000000e+01
     3.096180000000e+05 4.000000000000e+00                                      
G15 2025 01 01 16 00 00 2.465522848070e-04 4.547473508860e-12 0.000000000000e+00
     9.100000000000e+01-1.290312500000e+02 4.603763193790e-09-2.277579585490e+00
    -6.714835762980e-06 1.611590001270e-02 9.328126907350e-06 5.153750450130e+03
     3.168000000000e+05 1.993030309680e-07 7.275798197630e-02 1.490116119380e-08
     9.380375333710e-01 1.770000000000e+02 1.386754580530e+00-7.784252816800e-09
     2.025084352890e-10 1.000000000000e+00 2.347000000000e+03 0.000000000000e+00
     2.000000000000e+00 0.000000000000e+00-1.024454832080e-08 9.100000000000e+01
     3.096180000000e+05 4.000000000000e+00                                      
G24 2025 01 01 16 00 00-4.682806320490e-04 3.637978807090e-12 0.000000000000e+00
     7.300000000000e+01 1.809375000000e+01 5.237718171990e-09 3.136167939770e+00
     7.320195436480e-07 1.641264290080e-02 8.368864655490e-06 5.153686494830e+03
     3.168000000000e+05 7.450580596920e-08 1.177741535100e+00-2.477318048480e-07
     9.338432185010e-01 2.009062500000e+02 1.043026794180e+00-7.974975046860e-09
     6.782425372380e-10 1.000000000000e+00 2.347000000000e+03 0.000000000000e+00
     2.000000000000e+00 0.000000000000e+00 2.328306436540e-09 7.300000000000e+01
     3.096180000000e+05 4.000000000000e+00                                      
G26 2025 01 01 16 00 00-3.116065636280e-05-1.477928890380e-11 0.000000000000e+00
     9.300000000000e+01-1.109375000000e+01 5.780240770230e-09 5.564238348400e-01
    -3.427267074580e-07 9.795372025110e-03 5.325302481650e-06 5.153741357800e+03
     3.168000000000e+05-1.676380634310e-08 2.239679346950e+00 1.415610313420e-07
     9.296038808640e-01 2.573437500000e+02 6.030878611440e-01-8.610358656000e-09
    -4.503759028210e-10 1.000000000000e+00 2.347000000000e+03 0.000000000000e+00
     2.800000000000e+00 0.000000000000e+00 6.519258022310e-09 9.300000000000e+01
     3.096180000000e+05 4.000000000000e+00                                      
G10 2025 01 01 16 00 00-2.586059272290e-04-1.591615728100e-11 0.000000000000e+00
     6.600000000000e+01-8.453125000000e+01 4.095527738030e-09 6.899355216700e-01
    -4.356727004050e-06 1.011622685470e-02 1.322478055950e-06 5.153682987210e+03
     3.168000000000e+05-1.955777406690e-07-8.112071075180e-01 1.322478055950e-07
     9.872525230760e-01 3.693750000000e+02-2.334475345690e+00-8.268915862110e-09
    -2.496532562030e-10 1.000000000000e+00 2.347000000000e+03 0.000000000000e+00
     2.000000000000e+00 0.000000000000e+00 2.328306436540e-09 6.600000000000e+01
     3.096180000000e+05 4.000000000000e+00                                      
G29 2025 01 01 16 00 00-5.509387701750e-04 3.296918293930e-12 0.000000000000e+00
     4.500000000000e+01 9.437500000000e+01 4.000523780730e-09-1.332368374380e+00
     4.798173904420e-06 2.883868641220e-03 1.106038689610e-05 5.153729333880e+03
     3.168000000000e+05-1.490116119380e-08-2.834764102620e+00-4.284083843230e-08
     9.685327409910e-01 1.707500000000e+02 2.645894037660e+00-7.625674782820e-09
    -3.589435228670e-10 1.000000000000e+00 2.347000000000e+03 0.000000000000e+00
     2.000000000000e+00 0.000000000000e+00-9.778887033460e-09 4.500000000000e+01
     3.096180000000e+05 4.000000000000e+00                                      
G18 2025 01 01 16 00 00-6.591910496350e-04 1.023181539490e-12 0.000000000000e+00
     1.460000000000e+02 1.347500000000e+02 4.140172454800e-09 2.983095690870e+00
     6.942078471180e-06 4.796943278050e-03 2.922490239140e-06 5.153718820570e+03
     3.168000000000e+05-1.862645149230e-08-1.843942319830e+00-5.401670932770e-08
     9.740205914330e-01 3.312812500000e+02-2.934861536530e+00-8.078550789780e-09
     2.778687172050e-10 1.000000000000e+00 2.347000000000e+03 0.000000000000e+00
     2.000000000000e+00 0.000000000000e+00-8.381903171540e-09 6.580000000000e+02
     3.096180000000e+05 4.000000000000e+00                                      
G28 2025 01 01 16 00 00-5.241991020740e-04-1.011812855720e-11 0.000000000000e+00
     1.880000000000e+02 4.968750000000e+00 4.785556480490e-09 1.023195448910e+00
     3.613531589510e-07 4.432066343720e-04 8.147209882740e-06 5.153784376140e+03
     3.168000000000e+05-7.450580596920e-09 1.248106450810e+00 5.029141902920e-08
     9.610696190590e-01 2.232500000000e+02 1.421899247560e+00-7.923544333140e-09
     6.582417041230e-10 1.000000000000e+00 2.347000000000e+03 0.000000000000e+00
     2.000000000000e+00 0.000000000000e+00-9.313225746150e-09 7.000000000000e+02
     3.099660000000e+05 4.000000000000e+00                                      
G31 2025 01 01 16 00 00-2.187998034060e-04 7.958078640510e-13 0.000000000000e+00
     8.900000000000e+01 6.656250000000e+00 5.012708799440e-09 1.204431480670e+00
     5.606561899190e-07 1.070078462360e-02 8.095055818560e-06 5.153601142880e+03
     3.168000000000e+05-8.754432201390e-08 1.301114689080e+00 1.639127731320e-07
     9.538904875620e-01 2.232187500000e+02 7.912020480330e-01-8.184983794570e-09
     5.085926134950e-10 1.000000000000e+00 2.347000000000e+03 0.000000000000e+00
     2.000000000000e+00 0.000000000000e+00-1.350417733190e-08 8.900000000000e+01
     3.139980000000e+05 4.000000000000e+00                                      
G16 2025 01 01 16 00 00-8.857576176520e-05 9.436007530890e-12 0.000000000000e+00
     5.900000000000e+01-1.200000000000e+01 4.998065332340e-09-2.576898597600e-01
    -4.824250936510e-07 1.446068740920e-02 6.455928087230e-06 5.153660249710e+03
     3.168000000000e+05-1.862645149230e-09 2.412880570340e+00 1.695007085800e-07
     9.602618761560e-01 2.534375000000e+02 8.650624909250e-01-8.302488689120e-09
    -5.382367054330e-10 1.000000000000e+00 2.347000000000e+03 0.000000000000e+00
     2.000000000000e+00 0.000000000000e+00-1.071020960810e-08 5.900000000000e+01
     3.158820000000e+05 4.000000000000e+00                                      
G04 2025 01 01 16 00 00 5.052327178419e-04 6.025402399246e-12 0.000000000000e+00
     1.900000000000e+01-1.115312500000e+02 4.052311652189e-09-1.587953887922e+00
    -6.025657057762e-06 3.234290750697e-03 1.023523509502e-05 5.153683572769e+03
     3.168000000000e+05 9.313225746155e-09 2.673336234728e-01-3.725290298462e-08
     9.669950239099e-01 1.849375000000e+02-2.966590515134e+00-7.663176344911e-09
     2.953694461802e-10 1.000000000000e+00 2.347000000000e+03 0.000000000000e+00
     2.000000000000e+00 0.000000000000e+00-4.656613000000e-09 7.870000000000e+02
     3.163500000000e+05 4.000000000000e+00                                      
G05 2025 01 01 16 00 00-1.977537758648e-04-1.136868377216e-12 0.000000000000e+00
     4.800000000000e+01-8.462500000000e+01 4.307322274405e-09-9.326894530480e-01
    -4.176050424576e-06 5.601000855677e-03 1.303851604462e-06 5.153726554871e+03
     3.168000000000e+05-4.656612873077e-08-8.628787755531e-01 5.029141902924e-08
     9.744558914850e-01 3.599687500000e+02 1.330255089733e+00-8.325703941845e-09
    -1.121475285376e-10 1.000000000000e+00 2.347000000000e+03 0.000000000000e+00
     2.000000000000e+00 0.000000000000e+00-1.071021000000e-08 4.800000000000e+01
     3.132600000000e+05 4.000000000000e+00                                      
G11 2025 01 01 16 00 00-7.525235414505e-04 4.547473508865e-13 0.000000000000e+00
     1.750000000000e+02 1.163750000000e+02 4.293035965037e-09-2.163152023416e+00
     6.193295121193e-06 1.752762123942e-03 2.957880496979e-06 5.153595026016e+03
     3.168000000000e+05-3.166496753693e-08-1.816709242512e+00-3.911554813385e-08
     9.657967360078e-01 3.273437500000e+02-2.347905066779e+00-8.132481607645e-09
     2.339383158984e-10 1.000000000000e+00 2.347000000000e+03 0.000000000000e+00
     2.000000000000e+00 0.000000000000e+00-8.847564000000e-09 1.750000000000e+02
     3.096300000000e+05 4.000000000000e+00                                      
G12 2025 01 01 16 00 00-5.619125440717e-04-2.273736754432e-12 0.000000000000e+00
     6.900000000000e+01-1.765625000000e+01 4.805557313608e-09 1.522516279257e+00
    -1.210719347000e-06 8.986279251985e-03 6.813555955887e-06 5.153761411667e+03
     3.168000000000e+05-8.381903171539e-08 2.395289082845e+00-1.806765794754e-07
     9.608853469716e-01 2.477187500000e+02 1.464112660135e+00-8.003904823334e-09
    -5.518086993329e-10 1.000000000000e+00 2.347000000000e+03 0.000000000000e+00
     2.000000000000e+00 0.000000000000e+00-1.257285000000e-08 6.900000000000e+01
     3.096300000000e+05 4.000000000000e+00                                      
G19 2025 01 01 16 00 00 5.809995345771e-04 4.661160346586e-12 0.000000000000e+00
     9.000000000000e+00 8.003125000000e+01 4.176602543689e-09 5.750672248068e-01
     3.982335329056e-06 1.001843553968e-02 1.071766018867e-05 5.153606361389e+03
     3.168000000000e+05 1.862645149231e-07-2.806161735443e+00-7.078051567078e-08
     9.652326011493e-01 1.762812500000e+02 2.700009235319e+00-7.852112786301e-09
    -3.907305612105e-10 1.000000000000e+00 2.347000000000e+03 0.000000000000e+00
     2.000000000000e+00 0.000000000000e+00-1.536682000000e-08 9.000000000000e+00
     3.096000000000e+05 4.000000000000e+00                                      
G20 2025 01 01 16 00 00 3.674128092825e-04-3.410605131648e-13 0.000000000000e+00
     1.040000000000e+02-5.403125000000e+01 4.658765484854e-09-2.918206571154e+00
    -2.745538949966e-06 3.831578418612e-03-1.080334186554e-07 5.153673723221e+03
     3.168000000000e+05 2.048909664154e-08-9.955589821705e-01-9.685754776001e-08
     9.566303722034e-01 3.773125000000e+02-2.376115825413e+00-8.430708315699e-09
    -6.857428496565e-11 1.000000000000e+00 2.347000000000e+03 0.000000000000e+00
     2.000000000000e+00 0.000000000000e+00-8.381903000000e-09 1.040000000000e+02
     3.101400000000e+05 4.000000000000e+00                                      
G13 2025 01 01 16 00 00 6.920406594872e-04 1.250555214938e-12 0.000000000000e+00
     4.300000000000e+01-8.065625000000e+01 3.989094733236e-09-1.549852215806e+00
    -4.220753908157e-06 8.809557533823e-03 1.127086579800e-05 5.153689371109e+03
     3.168000000000e+05 2.272427082062e-07 3.752597157363e-01-7.450580596924e-09
     9.731789527182e-01 1.652500000000e+02 9.704911187020e-01-7.545671450361e-09
     3.500145795122e-10 1.000000000000e+00 2.347000000000e+03 0.000000000000e+00
     2.000000000000e+00 0.000000000000e+00-1.117587089539e-08 4.300000000000e+01
     3.096180000000e+05 4.000000000000e+00                                      
G22 2025 01 01 16 00 00-8.991919457912e-05-2.160049916711e-12 0.000000000000e+00
     2.300000000000e+01-2.009375000000e+01 5.018066165455e-09-7.825279605506e-01
    -1.050531864166e-06 1.350472599734e-02 6.899237632751e-06 5.153668899536e+03
     3.168000000000e+05-1.098960638046e-07 2.416182456909e+00-1.471489667892e-07
     9.596238858781e-01 2.476250000000e+02-1.074308949326e+00-8.394278226811e-09
    -4.350181202508e-10 1.000000000000e+00 2.347000000000e+03 0.000000000000e+00
     2.000000000000e+00 6.300000000000e+01-1.117587089539e-08 2.300000000000e+01
     3.096180000000e+05 4.000000000000e+00                                      
G21 2025 01 01 16 00 00 9.953975677490e-05 1.818989403550e-12 0.000000000000e+00
     9.100000000000e+01 1.299687500000e+02 4.448042421680e-09-1.437923965890e+00
     6.729736924170e-06 2.586440136660e-02 5.293637514110e-06 5.153622121810e+03
     3.168000000000e+05-2.793967723850e-07-1.956668098550e+00-2.812594175340e-07
     9.606478012600e-01 2.863437500000e+02-4.680679642920e-01-8.323203837710e-09
     5.685951128400e-10 1.000000000000e+00 2.347000000000e+03 0.000000000000e+00
     2.000000000000e+00 0.000000000000e+00-1.024454832080e-08 9.100000000000e+01
     3.096180000000e+05 4.000000000000e+00                                      
G14 2025 01 01 16 00 00 5.717282183470e-04 7.389644451910e-12 0.000000000000e+00
     8.300000000000e+01-1.921875000000e+01 5.391653155420e-09 1.387253687220e+00
    -8.717179298400e-07 5.135332117790e-03 6.016343832020e-06 5.153694675450e+03
     3.168000000000e+05 8.195638656620e-08 2.347402626100e+00 8.381903171540e-08
     9.441650052450e-01 2.552187500000e+02-2.864579865250e+00-8.417850637270e-09
    -5.221646073950e-10 1.000000000000e+00 2.347000000000e+03 0.000000000000e+00
     2.000000000000e+00 0.000000000000e+00-7.916241884230e-09 3.390000000000e+02
     3.096180000000e+05 4.000000000000e+00                                      
G07 2025 01 01 16 00 00-1.408206298950e-05 6.821210263300e-13 0.000000000000e+00
     5.100000000000e+01 9.687500000000e+00 4.904490005980e-09 2.253663076580e+00
     2.961605787280e-07 1.889941049740e-02 8.005648851390e-06 5.153758461000e+03
     3.168000000000e+05 2.235174179080e-08 1.278672762100e+00-4.507601261140e-07
     9.499957812400e-01 2.201250000000e+02-2.086124114190e+00-7.806753754060e-09
     6.478841298320e-10 1.000000000000e+00 2.347000000000e+03 0.000000000000e+00
     2.000000000000e+00 0.000000000000e+00-1.071020960810e-08 5.100000000000e+01
     3.096180000000e+05 4.000000000000e+00                                      
G30 2025 01 01 16 00 00-2.486431039870e-04 8.299139153680e-12 0.000000000000e+00
     9.000000000000e+01 1.481250000000e+01 5.384510000740e-09 2.078773730570e+00
     7.990747690200e-07 7.239336729980e-03 7.813796401020e-06 5.153752849580e+03
     3.168000000000e+05-2.272427082060e-07 1.275999762080e+00-1.061707735060e-07
     9.351673597830e-01 2.184687500000e+02-2.454568662200e+00-8.283916486940e-09
     6.468126566290e-10 1.000000000000e+00 2.347000000000e+03 0.000000000000e+00
     2.000000000000e+00 0.000000000000e+00 3.725290298460e-09 9.000000000000e+01
     3.096180000000e+05 4.000000000000e+00                                      
G17 2025 01 01 16 00 00 4.937276244160e-04-1.682565198280e-11 0.000000000000e+00
     3.500000000000e+01 8.250000000000e+01 4.150530029090e-09-1.295372612740e+00
     4.326924681660e-06 1.338750787550e-02 1.156516373160e-05 5.153608476640e+03
     3.168000000000e+05-2.570450305940e-07-2.850336706110e+00 1.490116119380e-07
     9.660250667990e-01 1.654062500000e+02-1.246527978300e+00-7.873899408090e-09
    -3.643008888800e-10 1.000000000000e+00 2.347000000000e+03 0.000000000000e+00
     2.000000000000e+00 0.000000000000e+00-1.071020960810e-08 3.500000000000e+01
     3.096180000000e+05 4.000000000000e+00                                      
G01 2025 01 01 16 00 00 1.072650775310e-05 3.581135388230e-11 0.000000000000e+00
     4.700000000000e+01 1.219062500000e+02 4.483043879630e-09-1.060200763400e+00
     6.385147571560e-06 2.104729646820e-04 3.034248948100e-06 5.153751295090e+03
     3.168000000000e+05 0.000000000000e+00-1.783378996210e+00 3.352761268620e-08
     9.596618837120e-01 3.206562500000e+02-1.297262492240e+00-8.297488480840e-09
     2.903692379010e-10 1.000000000000e+00 2.347000000000e+03 0.000000000000e+00
     4.000000000000e+00 6.300000000000e+01-1.396983861920e-09 4.700000000000e+01
     3.096180000000e+05 4.000000000000e+00                                      
G08 2025 01 01 16 00 00 4.517449997370e-04 8.299139153680e-12 0.000000000000e+00
     9.000000000000e+01 6.400000000000e+01 4.406254966780e-09-1.268198703140e+00
     3.267079591750e-06 1.026937796270e-02 1.129694283010e-05 5.153732309340e+03
     3.168000000000e+05 1.508742570880e-07-2.948403748710e+00-1.806765794750e-07
     9.502348337580e-01 1.565000000000e+02 3.965410234910e-01-7.770323665170e-09
    -4.882346226460e-10 1.000000000000e+00 2.347000000000e+03 0.000000000000e+00
     2.000000000000e+00 0.000000000000e+00 4.656612873080e-09 9.000000000000e+01
     3.096180000000e+05 4.000000000000e+00                                      
G02 2025 01 01 16 00 00-2.781935036180e-04 8.981260180010e-12 0.000000000000e+00
     1.380000000000e+02 1.314687500000e+02 4.344823836500e-09-1.140233102600e+00
     6.986781954770e-06 1.654711505400e-02 5.345791578290e-06 5.153679079060e+03
     3.168000000000e+05-2.607703208920e-07-1.948168722990e+00 7.450580596920e-09
     9.664033423040e-01 2.869375000000e+02-1.063428845750e+00-8.331775623330e-09
     4.064455015150e-10 1.000000000000e+00 2.347000000000e+03 0.000000000000e+00
     2.800000000000e+00 0.000000000000e+00-1.769512891770e-08 1.380000000000e+02
     3.096180000000e+05 4.000000000000e+00                                      
G27 2025 01 01 16 00 00-3.358535468578e-05 4.547473508865e-13 0.000000000000e+00
     5.200000000000e+01 7.646875000000e+01 4.236962200768e-09-1.182049085683e+00
     3.935769200325e-06 1.311567693483e-02 1.139566302299e-05 5.153687557220e+03
     3.168000000000e+05 3.203749656677e-07-2.920066412556e+00 1.080334186554e-07
     9.592936101779e-01 1.585937500000e+02 8.050539350992e-01-7.718178635977e-09
    -5.418082827755e-10 1.000000000000e+00 2.347000000000e+03 0.000000000000e+00
     2.000000000000e+00 0.000000000000e+00 1.862645149231e-09 5.200000000000e+01
     3.096180000000e+05 4.000000000000e+00                                      
G27 2025 01 01 17 59 44-3.358302637930e-05 4.547473508860e-13 0.000000000000e+00
     1.600000000000e+01 7.709375000000e+01 4.382682556320e-09-1.341454756060e-01
     4.082918167110e-06 1.311658811760e-02 1.084059476850e-05 5.153689983370e+03
     3.239840000000e+05-7.450580596920e-09-2.920123105020e+00 1.322478055950e-07
     9.592884709470e-01 1.679062500000e+02 8.049866042950e-01-7.995333037710e-09
    -5.471656487880e-10 1.000000000000e+00 2.347000000000e+03 0.000000000000e+00
     2.000000000000e+00 0.000000000000e+00 1.862645149230e-09 1.600000000000e+01
     3.168180000000e+05 4.000000000000e+00                                      
G26 2025 01 01 17 59 44-3.126915544270e-05-1.477928890380e-11 0.000000000000e+00
     1.400000000000e+01-1.312500000000e+01 5.807384758030e-09 1.604148316450e+00
    -5.420297384260e-07 9.795797057450e-03 5.993992090230e-06 5.153743219380e+03
     3.239840000000e+05-1.695007085800e-07 2.239617256320e+00 1.545995473860e-07
     9.296007721630e-01 2.507812500000e+02 6.031781700030e-01-8.561070888680e-09
    -3.885876148050e-10 1.000000000000e+00 2.347000000000e+03 0.000000000000e+00
     2.000000000000e+00 0.000000000000e+00 6.519258022310e-09 1.400000000000e+01
     3.168480000000e+05 4.000000000000e+00                                      
G21 2025 01 01 17 59 44 9.954907000060e-05 1.818989403550e-12 0.000000000000e+00
     1.400000000000e+01 1.276562500000e+02 4.498401662200e-09-3.900640209890e-01
     6.632879376410e-06 2.586431498640e-02 4.872679710390e-06 5.153621234890e+03
     3.239840000000e+05 1.844018697740e-07-1.956726488000e+00-5.476176738740e-07
     9.606507475770e-01 2.901875000000e+02-4.680501313210e-01-8.484639133560e-09
     2.178662178600e-10 1.000000000000e+00 2.347000000000e+03 0.000000000000e+00
     2.000000000000e+00 0.000000000000e+00-1.024454832080e-08 1.400000000000e+01
     3.224220000000e+05 4.000000000000e+00                                      
G15 2025 01 01 17 59 44 2.465844154358e-04 4.547473508865e-12 0.000000000000e+00
     1.000000000000e+00-1.174062500000e+02 4.740554605985e-09-1.229784099684e+00
    -5.794689059258e-06 1.611688593403e-02 9.352341294289e-06 5.153749898911e+03
     3.239840000000e+05-6.146728992462e-08 7.270168157400e-02 3.874301910400e-07
     9.380366761013e-01 1.856250000000e+02 1.386761225108e+00-8.230342826815e-09
     8.357490980188e-11 1.000000000000e+00 2.347000000000e+03 0.000000000000e+00
     2.000000000000e+00 0.000000000000e+00-1.024454832077e-08 1.000000000000e+00
     3.177060000000e+05 4.000000000000e+00                                      
G13 2025 01 01 17 59 44 6.920499727130e-04 1.250555214940e-12 0.000000000000e+00
     1.090000000000e+02-8.481250000000e+01 3.949450224740e-09-5.017609572260e-01
    -4.358589649200e-06 8.810780127530e-03 1.070834696290e-05 5.153694263460e+03
     3.239840000000e+05 1.490116119380e-08 3.752048065690e-01 1.192092895510e-07
     9.731802898250e-01 1.833750000000e+02 9.702318354900e-01-7.775681031180e-09
     3.192990143710e-10 1.000000000000e+00 2.347000000000e+03 0.000000000000e+00
     2.000000000000e+00 0.000000000000e+00-1.117587089540e-08 1.090000000000e+02
     3.168180000000e+05 4.000000000000e+00                                      
G02 2025 01 01 17 59 44-2.781283110380e-04 8.981260180010e-12 0.000000000000e+00
     1.600000000000e+01 1.321875000000e+02 4.315894060030e-09-9.238430074840e-02
     6.936490535740e-06 1.654720772060e-02 5.256384611130e-06 5.153679338460e+03
     3.239840000000e+05-1.844018697740e-07-1.948227587890e+00-3.110617399220e-07
     9.664057239350e-01 2.860000000000e+02-1.063435901400e+00-8.354633718310e-09
     1.842933908450e-10 1.000000000000e+00 2.347000000000e+03 0.000000000000e+00
     2.000000000000e+00 0.000000000000e+00-1.769512891770e-08 1.600000000000e+01
     3.168180000000e+05 4.000000000000e+00                                      
G23 2025 01 01 18 00 00 3.953692503270e-04 7.617018127350e-12 0.000000000000e+00
     1.490000000000e+02-8.396875000000e+01 4.075169747180e-09 2.915577793680e+00
    -4.237517714500e-06 4.990920308050e-03 1.423060894010e-06 5.153629600520e+03
     3.240000000000e+05-7.078051567080e-08-8.413203165050e-01-8.940696716310e-08
     9.823436341670e-01 3.625312500000e+02-2.866707281680e+00-8.094265730090e-09
    -1.321483616530e-10 1.000000000000e+00 2.347000000000e+03 0.000000000000e+00
     2.000000000000e+00 0.000000000000e+00-8.381903171540e-09 9.170000000000e+02
     3.168180000000e+05 4.000000000000e+00                                      
G25 2025 01 01 18 00 00 4.973635077480e-04-5.684341886080e-13 0.000000000000e+00
     5.300000000000e+01-1.712500000000e+01 5.119498961970e-09 2.392750249960e+00
    -1.104548573490e-06 1.230354828290e-02 5.990266799930e-06 5.153680191040e+03
     3.240000000000e+05-1.676380634310e-08 2.306190885240e+00-1.918524503710e-07
     9.488917696310e-01 2.551562500000e+02 1.106616023410e+00-8.023191340980e-09
    -4.332323315800e-10 1.000000000000e+00 2.347000000000e+03 0.000000000000e+00
     2.000000000000e+00 0.000000000000e+00 5.587935447690e-09 5.300000000000e+01
     3.168180000000e+05 4.000000000000e+00                                      
G32 2025 01 01 18 00 00-5.492232739930e-04 6.593836587850e-12 0.000000000000e+00
     3.800000000000e+01-1.121875000000e+02 4.113028467000e-09 4.550378919380e-01
    -5.928799510000e-06 8.257172070440e-03 1.101568341260e-05 5.153780666350e+03
     3.240000000000e+05-1.490116119380e-07 2.215912648170e-01 7.636845111850e-08
     9.640896466610e-01 1.699062500000e+02-2.114165237230e+00-7.871042146210e-09
     1.532206679700e-10 1.000000000000e+00 2.347000000000e+03 0.000000000000e+00
     2.000000000000e+00 0.000000000000e+00 9.313225746150e-10 3.800000000000e+01
     3.168180000000e+05 4.000000000000e+00                                      
G24 2025 01 01 18 00 00-4.682545550170e-04 3.637978807090e-12 0.000000000000e+00
     7.700000000000e+01 1.950000000000e+01 5.247718588540e-09-2.096858729100e+00
     8.363276720050e-07 1.641301205380e-02 8.083879947660e-06 5.153685615540e+03
     3.240000000000e+05 1.955777406690e-07 1.177683309500e+00-9.685754776000e-08
     9.338486371500e-01 2.045937500000e+02 1.043047023420e+00-8.008905031610e-09
     7.996761668650e-10 1.000000000000e+00 2.347000000000e+03 0.000000000000e+00
     2.000000000000e+00 0.000000000000e+00 2.328306436540e-09 7.700000000000e+01
     3.168180000000e+05 4.000000000000e+00                                      
G10 2025 01 01 18 00 00-2.587204799060e-04-1.591615728100e-11 0.000000000000e+00
     6.700000000000e+01-9.046875000000e+01 4.046954286180e-09 1.740003264500e+00
    -4.740431904790e-06 1.011666737030e-02 1.654028892520e-06 5.153685140610e+03
     3.240000000000e+05-2.775341272350e-07-8.112668033530e-01-2.980232238770e-08
     9.872508158510e-01 3.638750000000e+02-2.334371601390e+00-8.199627261670e-09
    -2.242950570750e-10 1.000000000000e+00 2.347000000000e+03 0.000000000000e+00
     2.000000000000e+00 0.000000000000e+00 2.328306436540e-09 6.700000000000e+01
     3.168180000000e+05 4.000000000000e+00                                      
G31 2025 01 01 18 00 00-2.187942154710e-04 7.958078640510e-13 0.000000000000e+00
     1.050000000000e+02 9.093750000000e+00 4.952706300100e-09 2.254700373270e+00
     3.930181264880e-07 1.070100476500e-02 8.141621947290e-06 5.153600284580e+03
     3.240000000000e+05-1.452863216400e-07 1.301055603290e+00-1.471489667890e-07
     9.538956999390e-01 2.200625000000e+02 7.911624556180e-01-7.924972964080e-09
     6.525271803760e-10 1.000000000000e+00 2.347000000000e+03 0.000000000000e+00
     2.000000000000e+00 0.000000000000e+00-1.350417733190e-08 1.050000000000e+02
     3.168180000000e+05 4.000000000000e+00                                      
G29 2025 01 01 18 00 00-5.509150214490e-04 3.296918293930e-12 0.000000000000e+00
     1.090000000000e+02 8.415625000000e+01 3.996952203390e-09-2.821867375250e-01
     4.282221198080e-06 2.884794026610e-03 1.108832657340e-05 5.153730701450e+03
     3.240000000000e+05 3.725290298460e-08-2.834818878660e+00-4.842877388000e-08
     9.685300448330e-01 1.708750000000e+02 2.645855801370e+00-7.646032773670e-09
    -3.896590880080e-10 1.000000000000e+00 2.347000000000e+03 0.000000000000e+00
     2.000000000000e+00 0.000000000000e+00-9.778887033460e-09 1.090000000000e+02
     3.168180000000e+05 4.000000000000e+00                                      
G18 2025 01 01 18 00 00-6.591840647160e-04 1.023181539490e-12 0.000000000000e+00
     1.470000000000e+02 1.213437500000e+02 4.163030549790e-09-2.250107312290e+00
     6.256625056270e-06 4.798669717270e-03 3.144145011900e-06 5.153715259550e+03
     3.240000000000e+05-1.862645149230e-08-1.844000099240e+00 3.725290298460e-09
     9.740227112010e-01 3.275000000000e+02-2.934692393950e+00-8.027477233790e-09
     2.528676758110e-10 1.000000000000e+00 2.347000000000e+03 0.000000000000e+00
     2.000000000000e+00 0.000000000000e+00-8.381903171540e-09 6.590000000000e+02
     3.168180000000e+05 4.000000000000e+00                                      
G28 2025 01 01 18 00 00-5.242717452350e-04-1.011812855720e-11 0.000000000000e+00
     1.890000000000e+02 9.250000000000e+00 4.795914054790e-09 2.074529089860e+00
     5.420297384260e-07 4.429864929990e-04 8.342787623410e-06 5.153783351900e+03
     3.240000000000e+05-3.166496753690e-08 1.248049376530e+00 2.980232238770e-08
     9.610743384320e-01 2.205937500000e+02 1.420681431160e+00-7.933544749700e-09
     6.643133856050e-10 1.000000000000e+00 2.347000000000e+03 0.000000000000e+00
     2.000000000000e+00 0.000000000000e+00-9.313225746150e-09 7.010000000000e+02
     3.168180000000e+05 4.000000000000e+00                                      
G08 2025 01 01 18 00 00 4.518050700430e-04 8.299139153680e-12 0.000000000000e+00
     1.020000000000e+02 6.550000000000e+01 4.560547107950e-09-2.180525054820e-01
     3.315508365630e-06 1.026975910640e-02 1.098588109020e-05 5.153732851030e+03
     3.240000000000e+05 9.872019290920e-08-2.948459981820e+00 6.332993507390e-08
     9.502299329820e-01 1.606250000000e+02 3.965394201330e-01-8.013190924420e-09
    -5.778812139290e-10 1.000000000000e+00 2.347000000000e+03 0.000000000000e+00
     2.000000000000e+00 0.000000000000e+00 4.656612873080e-09 1.020000000000e+02
     3.176220000000e+05 4.000000000000e+00                                      
G16 2025 01 01 18 00 00-8.850730955600e-05 9.436007530890e-12 0.000000000000e+00
     6.000000000000e+01-9.156250000000e+00 5.008065748900e-09 7.924825124320e-01
    -1.788139343260e-07 1.446135248990e-02 6.863847374920e-06 5.153661638260e+03
     3.240000000000e+05-1.229345798490e-07 2.412821462600e+00 1.229345798490e-07
     9.602578150950e-01 2.491250000000e+02 8.650821203600e-01-8.254272395010e-09
    -6.300262431220e-10 1.000000000000e+00 2.347000000000e+03 0.000000000000e+00
     2.000000000000e+00 0.000000000000e+00-1.071020960810e-08 6.000000000000e+01
     3.180480000000e+05 4.000000000000e+00                                      
G04 2025 01 01 18 00 00 5.052755586803e-04 6.025402399246e-12 0.000000000000e+00
     2.000000000000e+01-1.228437500000e+02 3.961950745437e-09-5.373136525846e-01
    -6.308779120445e-06 3.234985633753e-03 1.037307083607e-05 5.153686717987e+03
     3.240000000000e+05 8.381903171539e-08 2.672786236046e-01 2.048909664154e-08
     9.669967589307e-01 1.805312500000e+02-2.967060933997e+00-7.724607475193e-09
     2.396528396456e-10 1.000000000000e+00 2.347000000000e+03 0.000000000000e+00
     2.000000000000e+00 0.000000000000e+00-4.656613000000e-09 7.880000000000e+02
     3.168300000000e+05 4.000000000000e+00                                      
G05 2025 01 01 18 00 00-1.977621577680e-04-1.136868377216e-12 0.000000000000e+00
     4.900000000000e+01-7.137500000000e+01 4.232319150224e-09 1.176285804340e-01
    -3.600493073463e-06 5.602503544651e-03 1.324340701103e-06 5.153729904175e+03
     3.240000000000e+05-9.126961231232e-08-8.629386410867e-01 9.313225746155e-09
     9.744550590846e-01 3.607812500000e+02 1.330082357143e+00-8.321418049035e-09
    -1.378628853997e-10 1.000000000000e+00 2.347000000000e+03 0.000000000000e+00
     2.000000000000e+00 0.000000000000e+00-1.071021000000e-08 4.900000000000e+01
     3.168300000000e+05 4.000000000000e+00                                      
G11 2025 01 01 18 00 00-7.525202818215e-04 4.547473508865e-13 0.000000000000e+00
     1.760000000000e+02 1.185625000000e+02 4.385896975928e-09-1.113051717495e+00
     6.135553121567e-06 1.752304262482e-03 3.343448042870e-06 5.153594663620e+03
     3.240000000000e+05 7.078051567078e-08-1.816767592463e+00 2.235174179077e-08
     9.657978726952e-01 3.205000000000e+02-2.347778427812e+00-8.210341993700e-09
     1.589351917173e-10 1.000000000000e+00 2.347000000000e+03 0.000000000000e+00
     2.000000000000e+00 0.000000000000e+00-8.847564000000e-09 1.760000000000e+02
     3.168300000000e+05 4.000000000000e+00                                      
G12 2025 01 01 18 00 00-5.619288422167e-04-2.273736754432e-12 0.000000000000e+00
     7.000000000000e+01-1.746875000000e+01 4.851273503585e-09 2.572610388257e+00
    -9.667128324509e-07 8.986240951344e-03 6.422400474548e-06 5.153761974335e+03
     3.240000000000e+05 4.656612873077e-08 2.395231797899e+00-1.806765794754e-07
     9.608816253080e-01 2.504375000000e+02 1.464147672153e+00-7.949616847736e-09
    -5.400224941045e-10 1.000000000000e+00 2.347000000000e+03 0.000000000000e+00
     2.000000000000e+00 0.000000000000e+00-1.257285000000e-08 7.000000000000e+01
     3.168300000000e+05 4.000000000000e+00                                      
G20 2025 01 01 18 00 00 3.674104809761e-04-3.410605131648e-13 0.000000000000e+00
     1.050000000000e+02-4.662500000000e+01 4.698767151084e-09-1.868188826478e+00
    -2.373009920120e-06 3.831493202597e-03-2.030283212662e-07 5.153673036575e+03
     3.240000000000e+05 7.264316082001e-08-9.956199214861e-01-6.146728992462e-08
     9.566300357322e-01 3.808125000000e+02-2.375951892276e+00-8.446066098269e-09
    -3.571577341961e-11 1.000000000000e+00 2.347000000000e+03 0.000000000000e+00
     2.000000000000e+00 0.000000000000e+00-8.381903000000e-09 1.050000000000e+02
     3.168300000000e+05 4.000000000000e+00                                      
G15 2025 01 01 18 00 00 2.465844154358e-04 4.547473508865e-12 0.000000000000e+00
     9.300000000000e+01-1.174062500000e+02 4.740554605985e-09-1.227450322564e+00
    -5.794689059258e-06 1.611688395496e-02 9.352341294289e-06 5.153749889374e+03
     3.240000000000e+05-6.146728992462e-08 7.270154259678e-02 3.874301910400e-07
     9.380366731755e-01 1.856250000000e+02 1.386761140259e+00-8.230342826815e-09
     8.357490980188e-11 1.000000000000e+00 2.347000000000e+03 0.000000000000e+00
     2.800000000000e+00 0.000000000000e+00-1.024454832077e-08 9.300000000000e+01
     3.168180000000e+05 4.000000000000e+00                                      
G14 2025 01 01 18 00 00 5.717813037340e-04 7.389644451910e-12 0.000000000000e+00
     8.400000000000e+01-1.350000000000e+01 5.350222858260e-09 2.437585232210e+00
    -6.593763828280e-07 5.135620944200e-03 5.973502993580e-06 5.153693058010e+03
     3.240000000000e+05-1.601874828340e-07 2.347341452720e+00-1.862645149230e-09
     9.441623588260e-01 2.571562500000e+02-2.864736020050e+00-8.263915653830e-09
    -3.518003681830e-10 1.000000000000e+00 2.347000000000e+03 0.000000000000e+00
     2.800000000000e+00 0.000000000000e+00-7.916241884230e-09 3.400000000000e+02
     3.168180000000e+05 4.000000000000e+00                                      
G06 2025 01 01 18 00 00-8.778506889940e-05-2.762590156640e-11 0.000000000000e+00
     9.000000000000e+00 1.252812500000e+02 3.893376460470e-09-2.157340533070e+00
     6.534159183500e-06 3.432918223550e-03 4.325062036510e-06 5.153759201050e+03
     3.240000000000e+05-5.029141902920e-08-1.844963503940e+00 5.587935447690e-08
     9.891275583440e-01 3.133125000000e+02-7.309805820350e-01-7.936402011570e-09
     2.128660095810e-10 1.000000000000e+00 2.347000000000e+03 0.000000000000e+00
     2.000000000000e+00 0.000000000000e+00 3.725290298460e-09 9.000000000000e+00
     3.168180000000e+05 4.000000000000e+00                                      
G21 2025 01 01 18 00 00 9.955279529090e-05 1.818989403550e-12 0.000000000000e+00
     9.200000000000e+01 1.276562500000e+02 4.498401662200e-09-3.877303053120e-01
     6.632879376410e-06 2.586431731470e-02 4.872679710390e-06 5.153621252060e+03
     3.240000000000e+05 1.844018697740e-07-1.956726602110e+00-5.476176738740e-07
     9.606507461140e-01 2.901875000000e+02-4.680501532650e-01-8.484639133560e-09
     2.178662178600e-10 1.000000000000e+00 2.347000000000e+03 0.000000000000e+00
     2.000000000000e+00 0.000000000000e+00-1.024454832080e-08 9.200000000000e+01
     3.168180000000e+05 4.000000000000e+00                                      
G07 2025 01 01 18 00 00-1.407740637660e-05 6.821210263300e-13 0.000000000000e+00
     8.800000000000e+01 5.093750000000e+00 4.882703384190e-09-2.979368673000e+00
     5.960464477540e-08 1.890001783610e-02 8.072704076770e-06 5.153757146840e+03
     3.240000000000e+05 2.402812242510e-07 1.278617179990e+00-2.849847078320e-07
     9.500006937190e-01 2.168125000000e+02-2.086145396720e+00-7.729964841210e-09
     6.768139063020e-10 1.000000000000e+00 2.347000000000e+03 0.000000000000e+00
     2.000000000000e+00 0.000000000000e+00-1.071020960810e-08 8.800000000000e+01
     3.168180000000e+05 4.000000000000e+00                                      
G30 2025 01 01 18 00 00-2.485834993420e-04 8.299139153680e-12 0.000000000000e+00
     9.100000000000e+01 1.018750000000e+01 5.283434361960e-09 3.128976429060e+00
     5.066394805910e-07 7.240412640390e-03 8.223578333850e-06 5.153750671390e+03
     3.240000000000e+05 1.862645149230e-09 1.275941063950e+00-1.210719347000e-07
     9.351729364260e-01 2.112500000000e+02-2.454632597570e+00-8.081765209390e-09
     6.493127607680e-10 1.000000000000e+00 2.347000000000e+03 0.000000000000e+00
     2.000000000000e+00 0.000000000000e+00 3.725290298460e-09 9.100000000000e+01
     3.168180000000e+05 4.000000000000e+00                                      
G17 2025 01 01 18 00 00 4.936060868200e-04-1.682565198280e-11 0.000000000000e+00
     4.300000000000e+01 7.009375000000e+01 4.198746323210e-09-2.452532961960e-01
     3.637745976450e-06 1.338690530970e-02 1.152232289310e-05 5.153605844500e+03
     3.240000000000e+05-2.533197402950e-07-2.850393714570e+00-7.450580596920e-08
     9.660224320830e-01 1.649062500000e+02-1.246427410000e+00-7.922830017670e-09
    -4.007309777680e-10 1.000000000000e+00 2.347000000000e+03 0.000000000000e+00
     2.000000000000e+00 0.000000000000e+00-1.071020960810e-08 4.300000000000e+01
     3.168180000000e+05 4.000000000000e+00                                      
G01 2025 01 01 18 00 00 1.098401844500e-05 3.569766704460e-11 0.000000000000e+00
     4.800000000000e+01 1.282812500000e+02 4.478043671350e-09-7.502215491670e-03
     6.720423698430e-06 2.106509637090e-04 3.114342689510e-06 5.153752103810e+03
     3.240000000000e+05-5.960464477540e-08-1.783438168320e+00-6.891787052150e-08
     9.596637474700e-01 3.208125000000e+02-1.299828883570e+00-8.276059016790e-09
     1.975082270100e-10 1.000000000000e+00 2.347000000000e+03 0.000000000000e+00
     4.000000000000e+00 6.300000000000e+01-1.396983861920e-09 4.800000000000e+01
     3.168180000000e+05 4.000000000000e+00                                      
G19 2025 01 01 18 00 00 5.810325965290e-04 4.661160346590e-12 0.000000000000e+00
     6.700000000000e+01 7.925000000000e+01 4.155530237370e-09 1.625295062070e+00
     4.256144165990e-06 1.001771562730e-02 1.104548573490e-05 5.153605630870e+03
     3.240000000000e+05 6.332993507390e-08-2.806216572930e+00 1.583248376850e-07
     9.652300805410e-01 1.667187500000e+02 2.700001461370e+00-7.646747089140e-09
    -5.268076579390e-10 1.000000000000e+00 2.347000000000e+03 0.000000000000e+00
     2.000000000000e+00 0.000000000000e+00-1.536682248120e-08 6.700000000000e+01
     3.168180000000e+05 4.000000000000e+00                                      
G03 2025 01 01 18 00 00 6.374223157760e-04 7.958078640510e-12 0.000000000000e+00
     2.700000000000e+01-8.318750000000e+01 3.962307903170e-09 2.760869383550e+00
    -4.278495907780e-06 5.665199249050e-03 9.294599294660e-07 5.153602327350e+03
     3.240000000000e+05 2.980232238770e-08-8.087399049550e-01 1.862645149230e-09
     9.876304723510e-01 3.747500000000e+02 1.146070638740e+00-8.063193007210e-09
    -1.525063525020e-10 1.000000000000e+00 2.347000000000e+03 0.000000000000e+00
     2.000000000000e+00 0.000000000000e+00 1.396983861920e-09 2.700000000000e+01
     3.168420000000e+05 4.000000000000e+00                                      
G22 2025 01 01 18 00 00-8.993502706290e-05-2.160049916710e-12 0.000000000000e+00
     2.400000000000e+01-1.634375000000e+01 5.106284125800e-09 2.676194674250e-01
    -9.220093488690e-07 1.350309478580e-02 6.426125764850e-06 5.153665571210e+03
     3.240000000000e+05-8.195638656620e-08 2.416121924280e+00-1.247972249980e-07
     9.596208503230e-01 2.590625000000e+02-1.074267422930e+00-8.401421381490e-09
    -4.218032840860e-10 1.000000000000e+00 2.347000000000e+03 0.000000000000e+00
     2.000000000000e+00 6.300000000000e+01-1.117587089540e-08 2.400000000000e+01
     3.169980000000e+05 4.000000000000e+00                                      
G09 2025 01 01 18 00 00 5.115349777043e-04 1.546140993014e-11 0.000000000000e+00
     6.000000000000e+00-1.278437500000e+02 4.121957410357e-09 3.525511616967e-01
    -6.692484021187e-06 3.196490113623e-03 9.940937161446e-06 5.153798170090e+03
     3.240000000000e+05 1.490116119385e-08 2.061148774434e-01-3.911554813385e-08
     9.608014778781e-01 1.855000000000e+02 2.032488758046e+00-7.842469527478e-09
     1.753644474903e-10 1.000000000000e+00 2.347000000000e+03 0.000000000000e+00
     2.000000000000e+00 0.000000000000e+00 9.313225746155e-10 6.000000000000e+00
     3.168180000000e+05 4.000000000000e+00                                      
G23 2025 01 01 18 14 40 3.953757695850e-04 7.617018127350e-12 0.000000000000e+00
     1.500000000000e+02-8.421875000000e+01 4.065883646090e-09 3.043937064010e+00
    -4.252418875690e-06 4.990977700800e-03 1.458451151850e-06 5.153629493710e+03
     3.248800000000e+05-5.029141902920e-08-8.413274101950e-01-8.009374141690e-08
     9.823435932050e-01 3.620937500000e+02-2.866708254520e+00-8.079622262980e-09
    -1.339341503240e-10 1.000000000000e+00 2.347000000000e+03 0.000000000000e+00
     2.000000000000e+00 0.000000000000e+00-8.381903171540e-09 9.180000000000e+02
     3.177180000000e+05 4.000000000000e+00                                      
G14 2025 01 01 18 29 36 5.717938765880e-04 7.389644451910e-12 0.000000000000e+00
     8.500000000000e+01-1.256250000000e+01 5.326650447800e-09 2.696650656290e+00
    -6.109476089480e-07 5.135803250600e-03 6.046146154400e-06 5.153692672730e+03
     3.257760000000e+05-1.136213541030e-07 2.347326715280e+00-5.960464477540e-08
     9.441619623760e-01 2.557187500000e+02-2.864758243240e+00-8.213556413310e-09
    -3.392998474860e-10 1.000000000000e+00 2.347000000000e+03 0.000000000000e+00
     2.000000000000e+00 0.000000000000e+00-7.916241884230e-09 3.410000000000e+02
     3.186180000000e+05 4.000000000000e+00                                      
G21 2025 01 01 19 59 44 9.956164285540e-05 1.705302565820e-12 0.000000000000e+00
     3.000000000000e+01 1.254687500000e+02 4.658765484850e-09 6.601432564280e-01
     6.182119250300e-06 2.586494712160e-02 4.002824425700e-06 5.153622476580e+03
     3.311840000000e+05 5.289912223820e-07-1.956787586780e+00-2.235174179080e-07
     9.606518301360e-01 2.944062500000e+02-4.680443981450e-01-8.487853553170e-09
     9.821837690390e-11 1.000000000000e+00 2.347000000000e+03 0.000000000000e+00
     2.000000000000e+00 0.000000000000e+00-1.024454832080e-08 3.000000000000e+01
     3.240180000000e+05 4.000000000000e+00                                      
G31 2025 01 01 19 59 44-2.187886275350e-04 7.958078640510e-13 0.000000000000e+00
     1.000000000000e+00 1.812500000000e+01 4.880560437790e-09-2.980620995240e+00
     7.487833499910e-07 1.069969357920e-02 7.897615432740e-06 5.153602779390e+03
     3.311840000000e+05-2.048909664150e-08 1.300998842060e+00-1.695007085800e-07
     9.539005509750e-01 2.245312500000e+02 7.911927190040e-01-7.898186134010e-09
     6.746709598960e-10 1.000000000000e+00 2.347000000000e+03 0.000000000000e+00
     2.000000000000e+00 0.000000000000e+00-1.350417733190e-08 1.000000000000e+00
     3.274560000000e+05 4.000000000000e+00                                      
G15 2025 01 01 19 59 44 2.466165460646e-04 4.547473508865e-12 0.000000000000e+00
     6.000000000000e+00-1.205312500000e+02 4.737697344111e-09-1.796143900032e-01
    -6.286427378654e-06 1.611632527784e-02 9.013339877129e-06 5.153749774933e+03
     3.311840000000e+05-2.346932888031e-07 7.264119283726e-02 1.583248376846e-07
     9.380369189457e-01 1.969375000000e+02 1.386726722186e+00-8.384634967987e-09
     1.067901625246e-10 1.000000000000e+00 2.347000000000e+03 0.000000000000e+00
     2.000000000000e+00 0.000000000000e+00-1.024455000000e-08 6.000000000000e+00
     3.241200000000e+05 4.000000000000e+00                                      
G24 2025 01 01 19 59 44-4.682289436460e-04 3.637978807090e-12 0.000000000000e+00
     6.000000000000e+00 1.203125000000e+01 5.281648573290e-09-1.048942818800e+00
     9.592622518540e-07 1.641300146000e-02 8.169561624530e-06 5.153687810900e+03
     3.311840000000e+05 1.695007085800e-07 1.177625865100e+00 3.129243850710e-07
     9.338524597550e-01 2.085937500000e+02 1.042974892780e+00-8.364276977140e-09
     6.453840256920e-10 1.000000000000e+00 2.347000000000e+03 0.000000000000e+00
     2.000000000000e+00 0.000000000000e+00 2.328306436540e-09 6.000000000000e+00
     3.275880000000e+05 4.000000000000e+00                                      
G23 2025 01 01 20 00 00 3.954232670370e-04 7.617018127350e-12 0.000000000000e+00
     1.510000000000e+02-7.496875000000e+01 4.014810090100e-09-2.317296809240e+00
    -3.842636942860e-06 4.989839741030e-03 1.415610313420e-06 5.153631818770e+03
     3.312000000000e+05-2.048909664150e-08-8.413784792020e-01-7.823109626770e-08
     9.823427608050e-01 3.635000000000e+02-2.866814048370e+00-8.080336578450e-09
    -1.253623647030e-10 1.000000000000e+00 2.347000000000e+03 0.000000000000e+00
     2.000000000000e+00 0.000000000000e+00-8.381903171540e-09 9.190000000000e+02
     3.240180000000e+05 4.000000000000e+00                                      
G27 2025 01 01 20 00 00-3.357976675030e-05 4.547473508860e-13 0.000000000000e+00
     2.500000000000e+01 7.446875000000e+01 4.432684639110e-09 9.183463224790e-01
     4.122033715250e-06 1.311644620730e-02 1.108832657340e-05 5.153689857480e+03
     3.312000000000e+05-5.587935447690e-08-2.920180581610e+00 1.322478055950e-07
     9.592844449960e-01 1.663125000000e+02 8.049989001210e-01-7.976760835540e-09
    -5.718095324480e-10 1.000000000000e+00 2.347000000000e+03 0.000000000000e+00
     2.000000000000e+00 0.000000000000e+00 1.862645149230e-09 2.500000000000e+01
     3.240180000000e+05 4.000000000000e+00                                      
G25 2025 01 01 20 00 00 4.973597824570e-04-5.684341886080e-13 0.000000000000e+00
     6.200000000000e+01-2.018750000000e+01 5.236646698780e-09-2.840256799710e+00
    -1.121312379840e-06 1.230406225660e-02 5.844980478290e-06 5.153679286960e+03
     3.312000000000e+05 2.477318048480e-07 2.306131860880e+00-1.825392246250e-07
     9.488887194470e-01 2.582187500000e+02 1.106620036190e+00-8.137838973660e-09
    -2.721541934570e-10 1.000000000000e+00 2.347000000000e+03 0.000000000000e+00
     2.000000000000e+00 0.000000000000e+00 5.587935447690e-09 6.200000000000e+01
     3.240180000000e+05 4.000000000000e+00                                      
G32 2025 01 01 20 00 00-5.491757765410e-04 6.593836587850e-12 0.000000000000e+00
     3.900000000000e+01-1.098437500000e+02 4.062669226480e-09 1.505201297900e+00
    -5.695968866350e-06 8.256784174590e-03 1.071393489840e-05 5.153779609680e+03
     3.312000000000e+05-2.011656761170e-07 2.215345211510e-01-5.401670932770e-08
     9.640907365350e-01 1.735937500000e+02-2.114215664010e+00-7.823897325300e-09
     1.592923494510e-10 1.000000000000e+00 2.347000000000e+03 0.000000000000e+00
     2.000000000000e+00 0.000000000000e+00 9.313225746150e-10 3.900000000000e+01
     3.240180000000e+05 4.000000000000e+00                                      
G26 2025 01 01 20 00 00-3.137625753880e-05-1.477928890380e-11 0.000000000000e+00
     1.500000000000e+01-1.787500000000e+01 5.688094074810e-09 2.656550939440e+00
    -9.685754776000e-07 9.795342688450e-03 5.668029189110e-06 5.153744882580e+03
     3.312000000000e+05-1.173466444020e-07 2.239555693800e+00-1.154839992520e-07
     9.295993399670e-01 2.550000000000e+02 6.032563454200e-01-8.321775206770e-09
    -2.939408152430e-10 1.000000000000e+00 2.347000000000e+03 0.000000000000e+00
     2.000000000000e+00 0.000000000000e+00 6.519258022310e-09 1.500000000000e+01
     3.240180000000e+05 4.000000000000e+00                                      
G10 2025 01 01 20 00 00-2.588350325820e-04-1.591615728100e-11 0.000000000000e+00
     8.100000000000e+01-8.893750000000e+01 3.920520448270e-09 2.790171281580e+00
    -4.677101969720e-06 1.011651323640e-02 1.451000571250e-06 5.153685358050e+03
     3.312000000000e+05 7.450580596920e-09-8.113249089960e-01-1.303851604460e-07
     9.872506783360e-01 3.648437500000e+02-2.334369439190e+00-7.910329496970e-09
    -1.967939115420e-10 1.000000000000e+00 2.347000000000e+03 0.000000000000e+00
     2.000000000000e+00 0.000000000000e+00 2.328306436540e-09 8.100000000000e+01
     3.240180000000e+05 4.000000000000e+00                                      
G31 2025 01 01 20 00 00-2.187881618740e-04 7.958078640510e-13 0.000000000000e+00
     1.090000000000e+02 1.812500000000e+01 4.880560437790e-09-2.978286972350e+00
     7.487833499910e-07 1.069969334640e-02 7.897615432740e-06 5.153602771760e+03
     3.312000000000e+05-2.048909664150e-08 1.300998722100e+00-1.695007085800e-07
     9.539005641420e-01 2.245312500000e+02 7.911925990450e-01-7.898186134010e-09
     6.746709598960e-10 1.000000000000e+00 2.347000000000e+03 0.000000000000e+00
     2.000000000000e+00 0.000000000000e+00-1.350417733190e-08 1.090000000000e+02
     3.240180000000e+05 4.000000000000e+00                                      
G08 2025 01 01 20 00 00 4.518646746870e-04 8.299139153680e-12 0.000000000000e+00
     1.840000000000e+02 6.946875000000e+01 4.611620663940e-09 8.320863717370e-01
     3.879889845850e-06 1.027039741170e-02 1.078099012370e-05 5.153734056470e+03
     3.312000000000e+05 3.352761268620e-08-2.948517385260e+00 1.005828380580e-07
     9.502257782950e-01 1.633125000000e+02 3.965451372170e-01-7.978903781940e-09
    -6.125255141460e-10 1.000000000000e+00 2.347000000000e+03 0.000000000000e+00
     2.000000000000e+00 0.000000000000e+00 4.656612873080e-09 1.840000000000e+02
     3.240180000000e+05 4.000000000000e+00                                      
G18 2025 01 01 20 00 00-6.591770797970e-04 1.023181539490e-12 0.000000000000e+00
     1.480000000000e+02 1.158750000000e+02 4.112671309270e-09-1.199525127000e+00
     5.988404154780e-06 4.798619309440e-03 3.874301910400e-06 5.153719116210e+03
     3.312000000000e+05 3.166496753690e-08-1.844057457330e+00-9.685754776000e-08
     9.740242297100e-01 3.132500000000e+02-2.935122917570e+00-8.043549331830e-09
     1.625067690590e-10 1.000000000000e+00 2.347000000000e+03 0.000000000000e+00
     2.000000000000e+00 0.000000000000e+00-8.381903171540e-09 6.600000000000e+02
     3.240180000000e+05 4.000000000000e+00                                      
G28 2025 01 01 20 00 00-5.243443883960e-04-1.011812855720e-11 0.000000000000e+00
     1.900000000000e+02 1.781250000000e+01 4.691266838670e-09 3.123116991570e+00
     6.891787052150e-07 4.419904435050e-04 8.303672075270e-06 5.153785623550e+03
     3.312000000000e+05-3.539025783540e-08 1.247992169120e+00 5.587935447690e-09
     9.610791104710e-01 2.199687500000e+02 1.422208289000e+00-7.943188008520e-09
     6.653848588070e-10 1.000000000000e+00 2.347000000000e+03 0.000000000000e+00
     2.000000000000e+00 0.000000000000e+00-9.313225746150e-09 7.020000000000e+02
     3.240180000000e+05 4.000000000000e+00                                      
G16 2025 01 01 20 00 00-8.843885734680e-05 9.436007530890e-12 0.000000000000e+00
     6.100000000000e+01-1.893750000000e+01 4.946634618620e-09 1.842575082440e+00
    -1.085922122000e-06 1.446169975680e-02 7.143244147300e-06 5.153664424900e+03
     3.312000000000e+05-3.352761268620e-07 2.412761380560e+00-1.378357410430e-07
     9.602544708650e-01 2.460312500000e+02 8.651810882310e-01-8.038549123550e-09
    -4.553761111000e-10 1.000000000000e+00 2.347000000000e+03 0.000000000000e+00
     2.000000000000e+00 0.000000000000e+00-1.071020960810e-08 6.100000000000e+01
     3.240180000000e+05 4.000000000000e+00                                      
G02 2025 01 01 20 00 00-2.780631184580e-04 8.981260180010e-12 0.000000000000e+00
     1.700000000000e+01 1.318125000000e+02 4.439827793790e-09 9.601044164310e-01
     6.346032023430e-06 1.654731703460e-02 4.706904292110e-06 5.153679817200e+03
     3.312000000000e+05 1.247972249980e-07-1.948287890830e+00-3.688037395480e-07
     9.664069059720e-01 2.903437500000e+02-1.063414216570e+00-8.303917320060e-09
     1.210764718920e-10 1.000000000000e+00 2.347000000000e+03 0.000000000000e+00
     2.000000000000e+00 0.000000000000e+00-1.769512891770e-08 1.700000000000e+01
     3.248280000000e+05 4.000000000000e+00                                      
G01 2025 01 01 20 00 00 1.124059781430e-05 3.558398020690e-11 0.000000000000e+00
     4.900000000000e+01 1.240625000000e+02 4.561261423420e-09 1.039634927920e+00
     6.262212991710e-06 2.109749475490e-04 2.805143594740e-06 5.153753225330e+03
     3.312000000000e+05 4.097819328310e-08-1.783497605220e+00-1.676380634310e-08
     9.596646457020e-01 3.266562500000e+02-1.296833125780e+00-8.346061932690e-09
     1.292910997790e-10 1.000000000000e+00 2.347000000000e+03 0.000000000000e+00
     4.000000000000e+00 6.300000000000e+01-1.396983861920e-09 4.900000000000e+01
     3.256980000000e+05 4.000000000000e+00                                      
G04 2025 01 01 20 00 00 5.053188651800e-04 6.025402399250e-12 0.000000000000e+00
     2.100000000000e+01-1.224375000000e+02 3.978022843480e-09 5.127842278180e-01
    -6.271526217460e-06 3.233817173170e-03 1.091696321960e-05 5.153684511180e+03
     3.312000000000e+05 5.215406417850e-08 2.672230078480e-01 8.754432201390e-08
     9.669984281200e-01 1.714375000000e+02-2.966988898450e+00-7.724250317460e-09
     2.221521106700e-10 1.000000000000e+00 2.347000000000e+03 0.000000000000e+00
     2.000000000000e+00 0.000000000000e+00-4.656612873080e-09 7.890000000000e+02
     3.295320000000e+05 4.000000000000e+00                                      
G03 2025 01 01 20 00 00 6.374791264530e-04 7.958078640510e-12 0.000000000000e+00
     2.800000000000e+01-8.775000000000e+01 3.975165581600e-09-2.472011234880e+00
    -4.390254616740e-06 5.664997966960e-03 1.275911927220e-06 5.153602828980e+03
     3.312000000000e+05-2.607703208920e-08-8.087975336870e-01-2.980232238770e-08
     9.876292244810e-01 3.696250000000e+02 1.145986793050e+00-8.039977754490e-09
    -2.085801167710e-10 1.000000000000e+00 2.347000000000e+03 0.000000000000e+00
     2.000000000000e+00 0.000000000000e+00 1.396983861920e-09 2.800000000000e+01
     3.308880000000e+05 4.000000000000e+00                                      
G05 2025 01 01 20 00 00-1.977700740099e-04-1.136868377216e-12 0.000000000000e+00
     5.000000000000e+01-5.856250000000e+01 4.406254966777e-09 1.168045703209e+00
    -3.172084689140e-06 5.600419361144e-03 8.791685104370e-07 5.153725006104e+03
     3.312000000000e+05-3.725290298462e-09-8.629982549985e-01-4.842877388000e-08
     9.744536488316e-01 3.738125000000e+02 1.329811669022e+00-8.354990876049e-09
    -2.171519023912e-10 1.000000000000e+00 2.347000000000e+03 0.000000000000e+00
     2.000000000000e+00 0.000000000000e+00-1.071021000000e-08 5.000000000000e+01
     3.240300000000e+05 4.000000000000e+00                                      
G07 2025 01 01 20 00 00-1.407228410244e-05 6.821210263297e-13 0.000000000000e+00
     9.200000000000e+01 9.718750000000e+00 4.819486465242e-09-1.929270432715e+00
     4.414469003677e-07 1.890050899237e-02 7.487833499908e-06 5.153755668640e+03
     3.312000000000e+05 3.147870302200e-07 1.278560692339e+00-4.842877388000e-08
     9.500063405830e-01 2.211562500000e+02-2.086110675820e+00-7.747822727916e-09
     8.278916278665e-10 1.000000000000e+00 2.347000000000e+03 0.000000000000e+00
     2.000000000000e+00 0.000000000000e+00-1.071021000000e-08 9.200000000000e+01
     3.257100000000e+05 4.000000000000e+00                                      
G13 2025 01 01 20 00 00 6.920592859387e-04 1.250555214938e-12 0.000000000000e+00
     1.310000000000e+02-9.684375000000e+01 3.937664019512e-09 5.507404683226e-01
    -5.118548870087e-06 8.808961487375e-03 1.041032373905e-05 5.153690801620e+03
     3.312000000000e+05-1.210719347000e-07 3.751493400301e-01 7.264316082001e-08
     9.731824842024e-01 1.883437500000e+02 9.702291159257e-01-7.724250317459e-09
     2.253665302777e-10 1.000000000000e+00 2.347000000000e+03 0.000000000000e+00
     2.000000000000e+00 0.000000000000e+00-1.117587000000e-08 1.310000000000e+02
     3.254700000000e+05 4.000000000000e+00                                      
G29 2025 01 01 20 00 00-5.508917383850e-04 3.296918293927e-12 0.000000000000e+00
     1.120000000000e+02 7.612500000000e+01 4.065169330620e-09 7.681553346273e-01
     3.833323717117e-06 2.884979243390e-03 1.111812889576e-05 5.153730783463e+03
     3.312000000000e+05 1.490116119385e-08-2.834874016042e+00-3.725290298462e-09
     9.685269858708e-01 1.667187500000e+02 2.645655385983e+00-7.691391805913e-09
    -4.032310819074e-10 1.000000000000e+00 2.347000000000e+03 0.000000000000e+00
     2.000000000000e+00 0.000000000000e+00-9.778887000000e-09 1.120000000000e+02
     3.257400000000e+05 4.000000000000e+00                                      
G12 2025 01 01 20 00 00-5.619451403618e-04-2.273736754432e-12 0.000000000000e+00
     7.100000000000e+01-1.918750000000e+01 4.981636076567e-09-2.660448736906e+00
    -9.424984455109e-07 8.987773093395e-03 6.079673767090e-06 5.153759128571e+03
     3.312000000000e+05 1.732259988785e-07 2.395173117329e+00 8.568167686462e-08
     9.608784624791e-01 2.614687500000e+02 1.464152802607e+00-7.992475775840e-09
    -3.064413359402e-10 1.000000000000e+00 2.347000000000e+03 0.000000000000e+00
     2.000000000000e+00 0.000000000000e+00-1.257285475731e-08 7.100000000000e+01
     3.240180000000e+05 4.000000000000e+00                                      
G06 2025 01 01 20 00 00-8.798390626910e-05-2.762590156640e-11 0.000000000000e+00
     1.000000000000e+01 1.318437500000e+02 3.889090567660e-09-1.106952813490e+00
     6.834045052530e-06 3.433130681510e-03 4.507601261140e-06 5.153760873790e+03
     3.312000000000e+05-3.725290298460e-08-1.845021134140e+00-2.048909664150e-08
     9.891290271140e-01 3.094062500000e+02-7.312441706150e-01-7.991047144900e-09
     2.442958901900e-10 1.000000000000e+00 2.347000000000e+03 0.000000000000e+00
     2.000000000000e+00 0.000000000000e+00 3.725290298460e-09 1.000000000000e+01
     3.240180000000e+05 4.000000000000e+00                                      
G14 2025 01 01 20 00 00 5.718339234590e-04 7.389644451910e-12 0.000000000000e+00
     8.600000000000e+01-1.381250000000e+01 5.312364138430e-09-2.795394349700e+00
    -7.022172212600e-07 5.136264371690e-03 6.247311830520e-06 5.153691818240e+03
     3.312000000000e+05-6.146728992460e-08 2.347282295240e+00-7.078051567080e-08
     9.441602624650e-01 2.524375000000e+02-2.864766457520e+00-8.183198005900e-09
    -3.360854278790e-10 1.000000000000e+00 2.347000000000e+03 0.000000000000e+00
     2.000000000000e+00 0.000000000000e+00-7.916241884230e-09 3.420000000000e+02
     3.240180000000e+05 4.000000000000e+00                                      
G20 2025 01 01 20 00 00 3.674081526700e-04-3.410605131650e-13 0.000000000000e+00
     1.060000000000e+02-3.015625000000e+01 4.854130765460e-09-8.185887112660e-01
    -1.510605216030e-06 3.831338835880e-03-7.450580596920e-08 5.153668834690e+03
     3.312000000000e+05 7.823109626770e-08-9.956806603820e-01 1.396983861920e-07
     9.566288098070e-01 3.794062500000e+02-2.375367479910e+00-8.617501810680e-09
    -1.189335254870e-10 1.000000000000e+00 2.347000000000e+03 0.000000000000e+00
     2.000000000000e+00 0.000000000000e+00-8.381903171540e-09 1.060000000000e+02
     3.240180000000e+05 4.000000000000e+00                                      
G11 2025 01 01 20 00 00-7.525165565310e-04 4.547473508860e-13 0.000000000000e+00
     1.770000000000e+02 1.224687500000e+02 4.486615456970e-09-6.336240816720e-02
     6.368383765220e-06 1.751761301420e-03 3.699213266370e-06 5.153592817310e+03
     3.312000000000e+05 0.000000000000e+00-1.816827064470e+00 3.725290298460e-09
     9.657987138730e-01 3.111875000000e+02-2.347237854710e+00-8.282130698270e-09
     1.653640309330e-10 1.000000000000e+00 2.347000000000e+03 0.000000000000e+00
     2.000000000000e+00 0.000000000000e+00-8.847564458850e-09 1.770000000000e+02
     3.240180000000e+05 4.000000000000e+00                                      
G22 2025 01 01 20 00 00-8.995085954670e-05-2.160049916710e-12 0.000000000000e+00
     4.700000000000e+01-1.443750000000e+01 4.977707341490e-09 1.317831647080e+00
    -9.164214134220e-07 1.350278256000e-02 6.325542926790e-06 5.153664749150e+03
     3.312000000000e+05 2.682209014890e-07 2.416062089470e+00-2.644956111910e-07
     9.596195424740e-01 2.565625000000e+02-1.074289365240e+00-8.043906489560e-09
    -3.764442518430e-10 1.000000000000e+00 2.347000000000e+03 0.000000000000e+00
     2.000000000000e+00 6.300000000000e+01-1.117587089540e-08 4.700000000000e+01
     3.240180000000e+05 4.000000000000e+00                                      
G30 2025 01 01 20 00 00-2.485234290360e-04 8.299139153680e-12 0.000000000000e+00
     9.400000000000e+01 7.437500000000e+00 5.221646073950e-09-2.104071886610e+00
     1.154839992520e-07 7.240724749860e-03 7.912516593930e-06 5.153750131610e+03
     3.312000000000e+05 1.266598701480e-07 1.275882098110e+00-4.470348358150e-08
     9.351778415910e-01 2.112187500000e+02-2.454629725870e+00-8.128910030300e-09
     7.564600810270e-10 1.000000000000e+00 2.347000000000e+03 0.000000000000e+00
     2.000000000000e+00 0.000000000000e+00 3.725290298460e-09 9.400000000000e+01
     3.240180000000e+05 4.000000000000e+00                                      
G17 2025 01 01 20 00 00 4.934850148860e-04-1.682565198280e-11 0.000000000000e+00
     4.500000000000e+01 7.243750000000e+01 4.217318525390e-09 8.049947586000e-01
     3.615394234660e-06 1.338694733570e-02 1.171417534350e-05 5.153605716710e+03
     3.312000000000e+05-1.564621925350e-07-2.850450687910e+00-2.402812242510e-07
     9.660192268300e-01 1.598437500000e+02-1.246455854980e+00-7.904257815490e-09
    -4.557332688340e-10 1.000000000000e+00 2.347000000000e+03 0.000000000000e+00
     2.000000000000e+00 0.000000000000e+00-1.071020960810e-08 4.500000000000e+01
     3.240180000000e+05 4.000000000000e+00                                      
G19 2025 01 01 20 00 00 5.810661241410e-04 4.661160346590e-12 0.000000000000e+00
     6.800000000000e+01 8.409375000000e+01 4.093384791620e-09 2.675327062890e+00
     4.442408680920e-06 1.001720852220e-02 1.189112663270e-05 5.153609060290e+03
     3.312000000000e+05-9.313225746150e-08-2.806271966320e+00 2.011656761170e-07
     9.652265139470e-01 1.513437500000e+02 2.700187565030e+00-7.597816479550e-09
    -4.450185368080e-10 1.000000000000e+00 2.347000000000e+03 0.000000000000e+00
     2.000000000000e+00 0.000000000000e+00-1.536682248120e-08 6.800000000000e+01
     3.240180000000e+05 4.000000000000e+00                                      
G24 2025 01 01 20 00 00-4.682284779850e-04 3.637978807090e-12 0.000000000000e+00
     8.700000000000e+01 1.203125000000e+01 5.281648573290e-09-1.046609253810e+00
     9.592622518540e-07 1.641299901530e-02 8.169561624530e-06 5.153687808990e+03
     3.312000000000e+05 1.695007085800e-07 1.177625730510e+00 3.129243850710e-07
     9.338524743840e-01 2.085937500000e+02 1.042975093200e+00-8.364276977140e-09
     6.450268679580e-10 1.000000000000e+00 2.347000000000e+03 0.000000000000e+00
     2.000000000000e+00 0.000000000000e+00 2.328306436540e-09 8.700000000000e+01
     3.245880000000e+05 4.000000000000e+00                                      
G09 2025 01 01 20 00 00 5.116467364132e-04 1.546140993014e-11 0.000000000000e+00
     7.000000000000e+00-1.321562500000e+02 4.094813422558e-09 1.402957872884e+00
    -6.794929504395e-06 3.196361009032e-03 1.044198870659e-05 5.153796604156e+03
     3.312000000000e+05 8.568167686462e-08 2.060585097469e-01-4.656612873077e-08
     9.608029451850e-01 1.766562500000e+02 2.032183694276e+00-7.793896075627e-09
     1.753644474903e-10 1.000000000000e+00 2.347000000000e+03 0.000000000000e+00
     2.000000000000e+00 0.000000000000e+00 9.313225746155e-10 7.000000000000e+00
     3.240180000000e+05 4.000000000000e+00                                      
G31 2025 01 01 21 59 44-2.187830396000e-04 7.958078640510e-13 0.000000000000e+00
     2.000000000000e+00 1.975000000000e+01 4.791271004240e-09-1.930382112940e+00
     7.916241884230e-07 1.069940440360e-02 7.599592208860e-06 5.153603357320e+03
     3.383840000000e+05 8.381903171540e-08 1.300941407900e+00-9.685754776000e-08
     9.539057355570e-01 2.226250000000e+02 7.911804056220e-01-7.929616014620e-09
     7.525313459510e-10 1.000000000000e+00 2.347000000000e+03 0.000000000000e+00
     2.000000000000e+00 0.000000000000e+00-1.350417733190e-08 2.000000000000e+00
     3.312180000000e+05 4.000000000000e+00                                      
G24 2025 01 01 21 59 44-4.682028666139e-04 3.637978807092e-12 0.000000000000e+00
     1.000000000000e+01 2.875000000000e+00 5.305220983749e-09 1.194105419284e-03
     1.918524503708e-07 1.641172158998e-02 8.653849363327e-06 5.153685018539e+03
     3.383840000000e+05-6.891787052155e-08 1.177564737064e+00 2.346932888031e-07
     9.338566319971e-01 2.039375000000e+02 1.043016820009e+00-8.493925234651e-09
     6.400266596794e-10 1.000000000000e+00 2.347000000000e+03 0.000000000000e+00
     2.000000000000e+00 0.000000000000e+00 2.328306000000e-09 1.000000000000e+01
     3.378300000000e+05 4.000000000000e+00                                      
G12 2025 01 01 21 59 44-5.619628354910e-04-2.273736754430e-12 0.000000000000e+00
     6.000000000000e+00-1.050000000000e+01 4.990565019920e-09-1.612756359030e+00
    -2.812594175340e-07 8.988525369200e-03 6.202608346940e-06 5.153756853100e+03
     3.383840000000e+05 8.568167686460e-08 2.395115762160e+00 1.844018697740e-07
     9.608761349760e-01 2.613437500000e+02 1.464259567830e+00-8.045692278240e-09
    -3.046555472690e-10 1.000000000000e+00 2.347000000000e+03 0.000000000000e+00
     2.000000000000e+00 0.000000000000e+00-1.257285475730e-08 6.000000000000e+00
     3.312660000000e+05 4.000000000000e+00                                      
G25 2025 01 01 21 59 44 4.973551258440e-04-5.684341886080e-13 0.000000000000e+00
     1.700000000000e+01-1.271875000000e+01 5.250218692680e-09-1.792507271480e+00
    -5.848705768590e-07 1.230527809820e-02 5.278736352920e-06 5.153676052090e+03
     3.383840000000e+05 2.235174179080e-07 2.306072937470e+00 2.048909664150e-08
     9.488874145240e-01 2.680937500000e+02 1.106720823940e+00-8.136053184990e-09
    -1.610781381220e-10 1.000000000000e+00 2.347000000000e+03 0.000000000000e+00
     2.000000000000e+00 0.000000000000e+00 5.587935447690e-09 1.700000000000e+01
     3.346980000000e+05 4.000000000000e+00                                      
G01 2025 01 01 22 00 00 1.149624586110e-05 3.547029336910e-11 0.000000000000e+00
     5.000000000000e+01 1.177187500000e+02 4.658408327120e-09 2.091965474390e+00
     6.113201379780e-06 2.113312948500e-04 2.525746822360e-06 5.153752361300e+03
     3.384000000000e+05 3.352761268620e-08-1.783557697500e+00-5.587935447690e-09
     9.596655658770e-01 3.264687500000e+02-1.299030923200e+00-8.346061932690e-09
     1.267909956400e-10 1.000000000000e+00 2.347000000000e+03 0.000000000000e+00
     4.000000000000e+00 6.300000000000e+01-1.396983861920e-09 5.000000000000e+01
     3.312180000000e+05 4.000000000000e+00                                      
G27 2025 01 01 22 00 00-3.357650712130e-05 4.547473508860e-13 0.000000000000e+00
     4.600000000000e+01 6.143750000000e+01 4.321965741510e-09 1.968372281440e+00
     3.138557076450e-06 1.311678823550e-02 1.134350895880e-05 5.153693450930e+03
     3.384000000000e+05-3.054738044740e-07-2.920238614110e+00-1.303851604460e-07
     9.592817283570e-01 1.620937500000e+02 8.051425001600e-01-7.743179677370e-09
    -3.782300405140e-10 1.000000000000e+00 2.347000000000e+03 0.000000000000e+00
     2.000000000000e+00 0.000000000000e+00 1.862645149230e-09 4.600000000000e+01
     3.312180000000e+05 4.000000000000e+00                                      
G21 2025 01 01 22 00 00 9.957421571020e-05 1.705302565820e-12 0.000000000000e+00
     3.300000000000e+01 1.489062500000e+02 4.440184951530e-09 1.712562719070e+00
     7.919967174530e-06 2.586586668620e-02 4.028901457790e-06 5.153628921510e+03
     3.384000000000e+05 2.309679985050e-07-1.956844934630e+00 2.887099981310e-07
     9.606529214730e-01 2.914687500000e+02-4.679204933720e-01-8.044620805030e-09
    -2.003654888840e-10 1.000000000000e+00 2.347000000000e+03 0.000000000000e+00
     2.000000000000e+00 0.000000000000e+00-1.024454832080e-08 3.300000000000e+01
     3.312180000000e+05 4.000000000000e+00                                      
G26 2025 01 01 22 00 00-3.148289397360e-05-1.477928890380e-11 0.000000000000e+00
     1.600000000000e+01-1.696875000000e+01 5.714166589400e-09-2.576497541530e+00
    -1.125037670140e-06 9.795151301660e-03 5.580484867100e-06 5.153745231630e+03
     3.384000000000e+05 5.774199962620e-08 2.239494695970e+00-2.551823854450e-07
     9.295970622030e-01 2.567500000000e+02 6.032656013020e-01-8.453209252950e-09
    -1.821504444400e-10 1.000000000000e+00 2.347000000000e+03 0.000000000000e+00
     2.000000000000e+00 0.000000000000e+00 6.519258022310e-09 1.600000000000e+01
     3.312180000000e+05 4.000000000000e+00                                      
G32 2025 01 01 22 00 00-5.491287447510e-04 6.593836587850e-12 0.000000000000e+00
     4.000000000000e+01-1.126875000000e+02 3.881590255240e-09 2.555161283650e+00
    -5.822628736500e-06 8.256269269620e-03 1.021102070810e-05 5.153782131200e+03
     3.384000000000e+05 5.215406417850e-08 2.214789858540e-01-9.313225746150e-08
     9.640931152390e-01 1.830625000000e+02-2.114064278330e+00-7.568886703080e-09
     1.717928701480e-10 1.000000000000e+00 2.347000000000e+03 0.000000000000e+00
     2.000000000000e+00 0.000000000000e+00 9.313225746150e-10 4.000000000000e+01
     3.312180000000e+05 4.000000000000e+00                                      
G04 2025 01 01 22 00 00 5.053621716800e-04 6.025402399250e-12 0.000000000000e+00
     2.200000000000e+01-1.125625000000e+02 3.928020760690e-09 1.562651097360e+00
    -5.733221769330e-06 3.234767238610e-03 1.118704676630e-05 5.153687007900e+03
     3.384000000000e+05-7.264316082000e-08 2.671681981590e-01 1.676380634310e-08
     9.669997696160e-01 1.673437500000e+02-2.966687095520e+00-7.674605392410e-09
     1.125046862720e-10 1.000000000000e+00 2.347000000000e+03 0.000000000000e+00
     2.000000000000e+00 0.000000000000e+00-4.656612873080e-09 7.900000000000e+02
     3.312180000000e+05 4.000000000000e+00                                      
G10 2025 01 01 22 00 00-2.589500509200e-04-1.591615728100e-11 0.000000000000e+00
     8.200000000000e+01-8.075000000000e+01 3.918377501870e-09-2.442841676810e+00
    -4.203990101810e-06 1.011541043410e-02 1.495704054830e-06 5.153687389370e+03
     3.384000000000e+05 9.685754776000e-08-8.113822217380e-01-1.117587089540e-07
     9.872493236740e-01 3.640000000000e+02-2.334372989700e+00-7.939973588910e-09
    -1.450060400840e-10 1.000000000000e+00 2.347000000000e+03 0.000000000000e+00
     2.000000000000e+00 0.000000000000e+00 2.328306436540e-09 8.200000000000e+01
     3.312180000000e+05 4.000000000000e+00                                      
G03 2025 01 01 22 00 00 6.375364027920e-04 7.958078640510e-12 0.000000000000e+00
     3.100000000000e+01-8.409375000000e+01 4.085527321470e-09-1.421894819310e+00
    -4.367902874950e-06 5.664763506500e-03 1.562759280200e-06 5.153601966860e+03
     3.384000000000e+05 8.009374141690e-08-8.088551916770e-01 7.264316082000e-08
     9.876270491220e-01 3.632812500000e+02 1.146090423240e+00-8.141767708730e-09
    -2.942979729780e-10 1.000000000000e+00 2.347000000000e+03 0.000000000000e+00
     2.000000000000e+00 0.000000000000e+00 1.396983861920e-09 3.100000000000e+01
     3.312180000000e+05 4.000000000000e+00                                      
G02 2025 01 01 22 00 00-2.779979258780e-04 9.094947017730e-12 0.000000000000e+00
     4.000000000000e+01 1.422812500000e+02 4.330537527130e-09 2.010157541780e+00
     7.348135113720e-06 1.654752693140e-02 3.742054104800e-06 5.153683664320e+03
     3.384000000000e+05 2.533197402950e-07-1.948345183090e+00 4.097819328310e-08
     9.664088340980e-01 3.000312500000e+02-1.063293006490e+00-7.931401803290e-09
    -1.392915163360e-11 1.000000000000e+00 2.347000000000e+03 0.000000000000e+00
     2.000000000000e+00 0.000000000000e+00-1.769512891770e-08 4.000000000000e+01
     3.312180000000e+05 4.000000000000e+00                                      
G08 2025 01 01 22 00 00 4.519242793320e-04 8.299139153680e-12 0.000000000000e+00
     1.850000000000e+02 6.325000000000e+01 4.600191616450e-09 1.882097528890e+00
     3.436580300330e-06 1.027048705150e-02 1.145899295810e-05 5.153736633300e+03
     3.384000000000e+05-1.918524503710e-07-2.948575559660e+00 1.639127731320e-07
     9.502219264320e-01 1.556562500000e+02 3.966786606760e-01-7.897114660810e-09
    -4.546617956320e-10 1.000000000000e+00 2.347000000000e+03 0.000000000000e+00
     2.000000000000e+00 0.000000000000e+00 4.656612873080e-09 1.850000000000e+02
     3.312180000000e+05 4.000000000000e+00                                      
G16 2025 01 01 22 00 00-8.837087079880e-05 9.436007530890e-12 0.000000000000e+00
     6.200000000000e+01-1.906250000000e+01 4.856988027330e-09 2.892730136610e+00
    -1.121312379840e-06 1.446130138360e-02 6.696209311490e-06 5.153665588380e+03
     3.384000000000e+05-7.450580596920e-08 2.412704401360e+00-2.253800630570e-07
     9.602522179710e-01 2.507187500000e+02 8.652148743240e-01-7.832826268650e-09
    -4.343038047820e-10 1.000000000000e+00 2.347000000000e+03 0.000000000000e+00
     2.000000000000e+00 0.000000000000e+00-1.071020960810e-08 6.200000000000e+01
     3.312180000000e+05 4.000000000000e+00                                      
G28 2025 01 01 22 00 00-5.244170315560e-04-1.011812855720e-11 0.000000000000e+00
     1.910000000000e+02 1.100000000000e+01 4.560904265680e-09-2.108410998180e+00
     5.867332220080e-07 4.409733228390e-04 8.305534720420e-06 5.153787933350e+03
     3.384000000000e+05-3.725290298460e-08 1.247935008520e+00-1.676380634310e-08
     9.610838532520e-01 2.144375000000e+02 1.420663646470e+00-7.940687904380e-09
     6.575273886550e-10 1.000000000000e+00 2.347000000000e+03 0.000000000000e+00
     2.000000000000e+00 0.000000000000e+00-9.313225746150e-09 7.030000000000e+02
     3.312180000000e+05 4.000000000000e+00                                      
G07 2025 01 01 22 00 00-1.406762748960e-05 6.821210263300e-13 0.000000000000e+00
     9.500000000000e+01 1.646875000000e+01 5.005565644760e-09-8.791808719270e-01
     1.234933733940e-06 1.890062983150e-02 8.063390851020e-06 5.153754106520e+03
     3.384000000000e+05 2.980232238770e-08 1.278504349510e+00 4.731118679050e-07
     9.500093059180e-01 2.197187500000e+02-2.086066671240e+00-8.314274894350e-09
     6.614561237310e-10 1.000000000000e+00 2.347000000000e+03 0.000000000000e+00
     2.800000000000e+00 0.000000000000e+00-1.071020960810e-08 9.500000000000e+01
     3.328920000000e+05 4.000000000000e+00                                      
G14 2025 01 01 22 00 00 5.718870088458e-04 7.389644451905e-12 0.000000000000e+00
     8.700000000000e+01-1.415625000000e+01 5.292720463052e-09-1.745217618016e+00
    -8.549541234970e-07 5.136297899298e-03 6.124377250671e-06 5.153691783905e+03
     3.384000000000e+05 4.470348358154e-08 2.347222735454e+00-5.401670932770e-08
     9.441579978675e-01 2.521875000000e+02-2.864767379163e+00-8.229985669080e-09
    -2.596536727606e-10 1.000000000000e+00 2.347000000000e+03 0.000000000000e+00
     2.000000000000e+00 0.000000000000e+00-7.916242000000e-09 3.430000000000e+02
     3.362100000000e+05 4.000000000000e+00                                      
G15 2025 01 01 22 00 00 2.466491423547e-04 4.547473508865e-12 0.000000000000e+00
     7.000000000000e+00-1.338437500000e+02 4.794128266114e-09 8.727985231504e-01
    -7.037073373795e-06 1.611615950242e-02 9.056180715561e-06 5.153750097275e+03
     3.384000000000e+05-2.067536115646e-07 7.258165646018e-02-1.359730958939e-07
     9.380367302293e-01 2.005625000000e+02 1.386784159275e+00-8.391063807203e-09
    -1.003613233091e-10 1.000000000000e+00 2.347000000000e+03 0.000000000000e+00
     2.000000000000e+00 0.000000000000e+00-1.024455000000e-08 7.000000000000e+00
     3.312300000000e+05 4.000000000000e+00                                      
G18 2025 01 01 22 00 00-6.591700948775e-04 1.023181539495e-12 0.000000000000e+00
     1.490000000000e+02 1.203437500000e+02 4.256248718415e-09-1.494904095499e-01
     6.118789315224e-06 4.797228728421e-03 4.306435585022e-06 5.153716394424e+03
     3.384000000000e+05 2.980232238770e-08-1.844115413758e+00 2.793967723846e-08
     9.740247563607e-01 3.020000000000e+02-2.935006880372e+00-8.152839598494e-09
     1.121475285376e-10 1.000000000000e+00 2.347000000000e+03 0.000000000000e+00
     2.000000000000e+00 0.000000000000e+00-8.381903000000e-09 6.610000000000e+02
     3.339900000000e+05 4.000000000000e+00                                      
G23 2025 01 01 22 00 00 3.954782150686e-04 7.617018127348e-12 0.000000000000e+00
     1.520000000000e+02-6.856250000000e+01 4.104099523647e-09-1.267384780875e+00
    -3.565102815628e-06 4.989797133021e-03 1.057982444763e-06 5.153629161835e+03
     3.384000000000e+05 7.823109626770e-08-8.414363420011e-01-1.564621925354e-07
     9.823416636162e-01 3.730000000000e+02-2.866522809175e+00-8.109266354922e-09
    -2.003654888840e-10 1.000000000000e+00 2.347000000000e+03 0.000000000000e+00
     2.000000000000e+00 0.000000000000e+00-8.381903000000e-09 9.200000000000e+02
     3.312300000000e+05 4.000000000000e+00                                      
G30 2025 01 01 22 00 00-2.484638243914e-04 8.299139153678e-12 0.000000000000e+00
     9.600000000000e+01 1.468750000000e+01 5.217360181136e-09-1.054069944370e+00
     8.605420589447e-07 7.240635808557e-03 7.808208465576e-06 5.153748247147e+03
     3.384000000000e+05 2.067536115646e-07 1.275823834475e+00 1.024454832077e-07
     9.351828008831e-01 2.113437500000e+02-2.454492385654e+00-8.233557246422e-09
     6.886001115300e-10 1.000000000000e+00 2.347000000000e+03 0.000000000000e+00
     2.000000000000e+00 0.000000000000e+00 3.725290000000e-09 9.600000000000e+01
     3.312600000000e+05 4.000000000000e+00                                      
G29 2025 01 01 22 00 00-5.508679896593e-04 3.296918293927e-12 0.000000000000e+00
     1.130000000000e+02 6.931250000000e+01 4.150887186827e-09 1.818576439465e+00
     3.734603524208e-06 2.884383895434e-03 1.139007508755e-05 5.153729022980e+03
     3.384000000000e+05 1.490116119385e-08-2.834929328974e+00 9.313225746155e-09
     9.685240878301e-01 1.616250000000e+02 2.645378304910e+00-7.683891493495e-09
    -4.064455015151e-10 1.000000000000e+00 2.347000000000e+03 0.000000000000e+00
     2.000000000000e+00 0.000000000000e+00-9.778887033463e-09 1.130000000000e+02
     3.312180000000e+05 4.000000000000e+00                                      
G25 2025 01 01 22 00 00 4.973560571671e-04-5.684341886081e-13 0.000000000000e+00
     1.470000000000e+02-1.271875000000e+01 5.250218692682e-09-1.790173273457e+00
    -5.848705768585e-07 1.230527809821e-02 5.278736352921e-06 5.153676050186e+03
     3.384000000000e+05 2.235174179077e-07 2.306072805806e+00 2.048909664154e-08
     9.488874057463e-01 2.680937500000e+02 1.106720597184e+00-8.136053184987e-09
    -1.610781381224e-10 1.000000000000e+00 2.347000000000e+03 0.000000000000e+00
     2.800000000000e+00 0.000000000000e+00 5.587935447693e-09 1.470000000000e+02
     3.312180000000e+05 4.000000000000e+00                                      
G06 2025 01 01 22 00 00-8.818227797750e-05-2.762590156640e-11 0.000000000000e+00
     1.100000000000e+01 1.356250000000e+02 3.922306236940e-09-5.689521599410e-02
     6.992369890210e-06 3.432560944930e-03 4.356727004050e-06 5.153759748460e+03
     3.384000000000e+05 2.793967723850e-08-1.845078442490e+00-6.332993507390e-08
     9.891305544010e-01 3.123437500000e+02-7.311785806830e-01-8.013548082160e-09
     1.889364413900e-10 1.000000000000e+00 2.347000000000e+03 0.000000000000e+00
     2.000000000000e+00 0.000000000000e+00 3.725290298460e-09 1.100000000000e+01
     3.312180000000e+05 4.000000000000e+00                                      
G20 2025 01 01 22 00 00 3.674058243630e-04-3.410605131650e-13 0.000000000000e+00
     1.070000000000e+02-3.187500000000e+01 4.864131182020e-09 2.316384179500e-01
    -1.614913344380e-06 3.831247333440e-03-1.210719347000e-07 5.153668746950e+03
     3.384000000000e+05-2.793967723850e-08-9.957429455820e-01 1.341104507450e-07
     9.566277886900e-01 3.814062500000e+02-2.375408446010e+00-8.652503268630e-09
    -1.317912039180e-10 1.000000000000e+00 2.347000000000e+03 0.000000000000e+00
     2.000000000000e+00 0.000000000000e+00-8.381903171540e-09 1.070000000000e+02
     3.312180000000e+05 4.000000000000e+00                                      
G11 2025 01 01 22 00 00-7.525132969020e-04 4.547473508860e-13 0.000000000000e+00
     1.780000000000e+02 1.336250000000e+02 4.446613790740e-09 9.866888592770e-01
     6.938353180890e-06 1.753286458550e-03 3.976747393610e-06 5.153595661160e+03
     3.384000000000e+05 7.450580596920e-09-1.816886766160e+00 9.313225746150e-09
     9.657999251690e-01 3.060312500000e+02-2.347060511010e+00-8.285702275610e-09
     1.746501320220e-10 1.000000000000e+00 2.347000000000e+03 0.000000000000e+00
     2.000000000000e+00 0.000000000000e+00-8.847564458850e-09 1.780000000000e+02
     3.312180000000e+05 4.000000000000e+00                                      
G12 2025 01 01 22 00 00-5.619614385070e-04-2.273736754430e-12 0.000000000000e+00
     7.200000000000e+01-1.050000000000e+01 4.990565019920e-09-1.610422324440e+00
    -2.812594175340e-07 8.988521993160e-03 6.202608346940e-06 5.153756851200e+03
     3.384000000000e+05 8.568167686460e-08 2.395115620260e+00 1.844018697740e-07
     9.608761335140e-01 2.613437500000e+02 1.464259194790e+00-8.045692278240e-09
    -3.046555472690e-10 1.000000000000e+00 2.347000000000e+03 0.000000000000e+00
     2.000000000000e+00 0.000000000000e+00-1.257285475730e-08 7.200000000000e+01
     3.312180000000e+05 4.000000000000e+00                                      
G22 2025 01 01 22 00 00-8.996669203040e-05-2.160049916710e-12 0.000000000000e+00
     4.800000000000e+01-1.096875000000e+01 4.871631494430e-09 2.367989289150e+00
    -5.867332220080e-07 1.350251329130e-02 6.375834345820e-06 5.153665657040e+03
     3.384000000000e+05 1.937150955200e-07 2.416006208930e+00 4.842877388000e-08
     9.596170540510e-01 2.543437500000e+02-1.074258469870e+00-7.818897117020e-09
    -5.018066165450e-10 1.000000000000e+00 2.347000000000e+03 0.000000000000e+00
     2.000000000000e+00 6.300000000000e+01-1.117587089540e-08 4.800000000000e+01
     3.312180000000e+05 4.000000000000e+00                                      
G17 2025 01 01 22 00 00 4.933634772900e-04-1.682565198280e-11 0.000000000000e+00
     4.600000000000e+01 7.953125000000e+01 4.093741949360e-09 1.855168519100e+00
     4.062429070470e-06 1.338665350340e-02 1.105852425100e-05 5.153606733320e+03
     3.384000000000e+05 2.384185791020e-07-2.850505743370e+00-1.024454832080e-07
     9.660177756150e-01 1.621562500000e+02-1.246409692600e+00-7.477097165400e-09
    -4.910918845200e-10 1.000000000000e+00 2.347000000000e+03 0.000000000000e+00
     2.000000000000e+00 0.000000000000e+00-1.071020960810e-08 4.600000000000e+01
     3.312180000000e+05 4.000000000000e+00                                      
G19 2025 01 01 22 00 00 5.810991860930e-04 4.661160346590e-12 0.000000000000e+00
     7.000000000000e+01 9.378125000000e+01 4.075526904910e-09-2.557587692740e+00
     4.883855581280e-06 1.001794787590e-02 1.186132431030e-05 5.153607748030e+03
     3.384000000000e+05-1.899898052220e-07-2.806326616550e+00 6.705522537230e-08
     9.652237812160e-01 1.535312500000e+02 2.700135590480e+00-7.541028399820e-09
    -3.903734034760e-10 1.000000000000e+00 2.347000000000e+03 0.000000000000e+00
     2.000000000000e+00 0.000000000000e+00-1.536682248120e-08 7.000000000000e+01
     3.312180000000e+05 4.000000000000e+00                                      
G05 2025 01 01 22 00 00-1.977784559130e-04-1.136868377220e-12 0.000000000000e+00
     5.100000000000e+01-5.950000000000e+01 4.385539818190e-09 2.217988877100e+00
    -3.246590495110e-06 5.600208533000e-03 2.849847078320e-07 5.153727190020e+03
     3.384000000000e+05 5.587935447690e-08-8.630582712130e-01-2.793967723850e-08
     9.744522970950e-01 3.822500000000e+02 1.330016577030e+00-8.306060266460e-09
    -2.214377952020e-10 1.000000000000e+00 2.347000000000e+03 0.000000000000e+00
     2.000000000000e+00 0.000000000000e+00-1.071020960810e-08 5.100000000000e+01
     3.312180000000e+05 4.000000000000e+00                                      
G13 2025 01 01 22 00 00 6.920685991640e-04 1.250555214940e-12 0.000000000000e+00
     1.320000000000e+02-1.172500000000e+02 3.778728827790e-09 1.600568171160e+00
    -6.040558218960e-06 8.810396073390e-03 1.093000173570e-05 5.153697042470e+03
     3.384000000000e+05-1.657754182820e-07 3.750936321100e-01-4.097819328310e-08
     9.731841519290e-01 1.766562500000e+02 9.705654949200e-01-7.678176969750e-09
     2.385813664430e-10 1.000000000000e+00 2.347000000000e+03 0.000000000000e+00
     2.000000000000e+00 0.000000000000e+00-1.117587089540e-08 1.320000000000e+02
     3.337260000000e+05 4.000000000000e+00                                      
G09 2025 01 01 22 00 00 5.117580294610e-04 1.546140993010e-11 0.000000000000e+00
     1.600000000000e+01-1.224062500000e+02 4.021238929310e-09 2.452691995780e+00
    -6.198883056640e-06 3.195462864820e-03 1.080147922040e-05 5.153799261090e+03
     3.384000000000e+05-2.607703208920e-08 2.060033314030e-01 5.401670932770e-08
     9.608042384050e-01 1.695312500000e+02 2.032551441160e+00-7.694963383250e-09
     9.178953768840e-11 1.000000000000e+00 2.347000000000e+03 0.000000000000e+00
     2.000000000000e+00 0.000000000000e+00 9.313225746150e-10 1.600000000000e+01
     3.380580000000e+05 4.000000000000e+00                                      
G01 2025 01 01 22 59 44 1.165550202130e-05 3.592504072000e-11 0.000000000000e+00
     5.100000000000e+01 1.176250000000e+02 4.687695261320e-09 2.614634224200e+00
     6.210058927540e-06 2.112737856810e-04 2.607703208920e-06 5.153752458570e+03
     3.419840000000e+05 6.146728992460e-08-1.783587716580e+00 0.000000000000e+00
     9.596660106040e-01 3.259062500000e+02-1.298966677690e+00-8.355348033780e-09
     1.417916204760e-10 1.000000000000e+00 2.347000000000e+03 0.000000000000e+00
     2.000000000000e+00 6.300000000000e+01-1.396983861920e-09 5.100000000000e+01
     3.348180000000e+05 4.000000000000e+00                                      
G04 2025 01 01 22 59 44 5.053840577600e-04 6.025402399250e-12 0.000000000000e+00
     2.300000000000e+01-1.057812500000e+02 3.985165998160e-09 2.085737837980e+00
    -5.450099706650e-06 3.235055948610e-03 1.094862818720e-05 5.153684944150e+03
     3.419840000000e+05-3.352761268620e-08 2.671408020920e-01 3.725290298460e-09
     9.670000914580e-01 1.730000000000e+02-2.967022965420e+00-7.687105913100e-09
     8.821796034640e-11 1.000000000000e+00 2.347000000000e+03 0.000000000000e+00
     2.000000000000e+00 0.000000000000e+00-4.656612873080e-09 7.910000000000e+02
     3.348180000000e+05 4.000000000000e+00                                      
G03 2025 01 01 23 59 44 6.375950761140e-04 7.958078640510e-12 0.000000000000e+00
     2.000000000000e+01-7.525000000000e+01 4.138743823860e-09-3.739555418240e-01
    -3.935769200330e-06 5.665603908710e-03 1.402571797370e-06 5.153603395460e+03
     3.455840000000e+05-2.607703208920e-08-8.089142218840e-01 4.656612873080e-08
     9.876244846270e-01 3.646250000000e+02 1.146039411290e+00-8.247486398060e-09
    -2.846547141540e-10 1.000000000000e+00 2.347000000000e+03 0.000000000000e+00
     2.000000000000e+00 0.000000000000e+00 1.396983861920e-09 2.000000000000e+01
     3.391680000000e+05 4.000000000000e+00                                      
G16 2025 01 01 23 59 44-8.830381557350e-05 9.436007530890e-12 0.000000000000e+00
     1.900000000000e+01-2.237500000000e+01 4.879131806850e-09-2.342627466920e+00
    -1.488253474240e-06 1.446211687290e-02 6.154179573060e-06 5.153663944240e+03
     3.455840000000e+05 2.309679985050e-07 2.412646330830e+00-1.154839992520e-07
     9.602495379050e-01 2.566562500000e+02 8.652428965200e-01-7.954974213750e-09
    -2.021512775550e-10 1.000000000000e+00 2.347000000000e+03 0.000000000000e+00
     2.000000000000e+00 0.000000000000e+00-1.071020960810e-08 1.900000000000e+01
     3.399060000000e+05 4.000000000000e+00                                      
G07 2025 01 01 23 59 44-1.406436786060e-05 6.821210263300e-13 0.000000000000e+00
     3.400000000000e+01 1.987500000000e+01 4.960563770250e-09 1.686303534110e-01
     1.149252057080e-06 1.890111085960e-02 8.173286914830e-06 5.153755117420e+03
     3.455840000000e+05-2.626329660420e-07 1.278444068510e+00 3.166496753690e-07
     9.500137590410e-01 2.205312500000e+02-2.086076591290e+00-8.387492229860e-09
     6.082396213360e-10 1.000000000000e+00 2.347000000000e+03 0.000000000000e+00
     2.000000000000e+00 0.000000000000e+00-1.071020960810e-08 3.400000000000e+01
     3.409560000000e+05 4.000000000000e+00                                      
G26 2025 01 01 23 59 44-3.158906474710e-05-1.477928890381e-11 0.000000000000e+00
     1.700000000000e+01-1.425000000000e+01 5.654164090058e-09-1.528795313833e+00
    -8.717179298401e-07 9.795663063414e-03 4.751607775688e-06 5.153742992401e+03
     3.455840000000e+05 1.359730958939e-07 2.239433256333e+00-8.568167686462e-08
     9.295963409846e-01 2.647812500000e+02 6.033762622775e-01-8.473567243802e-09
    -6.357407668690e-11 1.000000000000e+00 2.347000000000e+03 0.000000000000e+00
     2.000000000000e+00 0.000000000000e+00 6.519258022308e-09 1.700000000000e+01
     3.408180000000e+05 4.000000000000e+00                                      
G25 2025 01 01 23 59 44 4.973514005540e-04-5.684341886080e-13 0.000000000000e+00
     1.800000000000e+01-1.015625000000e+01 5.338079495290e-09-7.423707261490e-01
    -2.961605787280e-07 1.230517437220e-02 5.861744284630e-06 5.153674890520e+03
     3.455840000000e+05-2.235174179080e-08 2.306013642470e+00 2.048909664150e-07
     9.488847081250e-01 2.645937500000e+02 1.106769547890e+00-8.441065889990e-09
    -2.114373786440e-10 1.000000000000e+00 2.347000000000e+03 0.000000000000e+00
     2.000000000000e+00 0.000000000000e+00 5.587935447690e-09 1.800000000000e+01
     3.384180000000e+05 4.000000000000e+00                                      
G27 2025 01 02 00 00 00-3.357324749230e-05 4.547473508860e-13 0.000000000000e+00
     4.800000000000e+01 5.659375000000e+01 4.289821545430e-09 3.018625114130e+00
     2.805143594740e-06 1.311832002830e-02 1.187063753600e-05 5.153689931870e+03
     3.456000000000e+05-3.725290298460e-08-2.920293467680e+00-1.788139343260e-07
     9.592798982470e-01 1.493437500000e+02 8.050579742160e-01-7.556743340120e-09
    -3.618007847410e-10 1.000000000000e+00 2.347000000000e+03 0.000000000000e+00
     2.000000000000e+00 0.000000000000e+00 1.862645149230e-09 4.800000000000e+01
     3.384180000000e+05 4.000000000000e+00                                      
G01 2025 01 02 00 00 00 1.178495585920e-05 3.581135388230e-11 0.000000000000e+00
     5.200000000000e+01 1.173125000000e+02 4.662337062200e-09 3.140475842910e+00
     6.195157766340e-06 2.100209239870e-04 3.186985850330e-06 5.153754831310e+03
     3.456000000000e+05 5.587935447690e-08-1.783618159910e+00 8.195638656620e-08
     9.596666133260e-01 3.157500000000e+02-1.297407938480e+00-8.353919402850e-09
     1.925080187320e-10 1.000000000000e+00 2.347000000000e+03 0.000000000000e+00
     2.000000000000e+00 6.300000000000e+01-1.396983861920e-09 5.200000000000e+01
     3.384180000000e+05 4.000000000000e+00                                      
G07 2025 01 02 00 00 00-1.406250521540e-05 6.821210263300e-13 0.000000000000e+00
     9.600000000000e+01 1.987500000000e+01 4.960563770250e-09 1.709641349200e-01
     1.149252057080e-06 1.890111097600e-02 8.173286914830e-06 5.153755123140e+03
     3.456000000000e+05-2.626329660420e-07 1.278443916370e+00 3.166496753690e-07
     9.500137751330e-01 2.205312500000e+02-2.086076804880e+00-8.387492229860e-09
     6.082396213360e-10 1.000000000000e+00 2.347000000000e+03 0.000000000000e+00
     2.800000000000e+00 0.000000000000e+00-1.071020960810e-08 9.600000000000e+01
     3.384180000000e+05 4.000000000000e+00                                      
G21 2025 01 02 00 00 00 9.958678856490e-05 1.705302565820e-12 0.000000000000e+00
     3.400000000000e+01 1.488437500000e+02 4.418755487470e-09 2.762714370490e+00
     7.741153240200e-06 2.586516051090e-02 5.077570676800e-06 5.153631786350e+03
     3.456000000000e+05-2.253800630570e-07-1.956904539760e+00 5.308538675310e-07
     9.606529419540e-01 2.791562500000e+02-4.678645265150e-01-7.892828768000e-09
     1.635782422620e-10 1.000000000000e+00 2.347000000000e+03 0.000000000000e+00
     2.000000000000e+00 0.000000000000e+00-1.024454832080e-08 3.400000000000e+01
     3.384180000000e+05 4.000000000000e+00                                      
G04 2025 01 02 00 00 00 5.054059438410e-04 6.025402399250e-12 0.000000000000e+00
     2.400000000000e+01-1.050000000000e+02 4.003738200340e-09 2.613181858150e+00
    -5.498528480530e-06 3.235085750930e-03 1.090764999390e-05 5.153684803010e+03
     3.456000000000e+05-3.166496753690e-08 2.671129905570e-01-5.587935447690e-09
     9.670004367070e-01 1.733125000000e+02-2.967048060320e+00-7.680677073890e-09
     9.071806448580e-11 1.000000000000e+00 2.347000000000e+03 0.000000000000e+00
     2.000000000000e+00 0.000000000000e+00-4.656612873080e-09 7.920000000000e+02
     3.384180000000e+05 4.000000000000e+00                                      
G26 2025 01 02 00 00 00-3.158953040840e-05-1.477928890380e-11 0.000000000000e+00
     4.800000000000e+01-1.425000000000e+01 5.654164090060e-09-1.526461508920e+00
    -8.717179298400e-07 9.795663878320e-03 4.751607775690e-06 5.153742982860e+03
     3.456000000000e+05 1.359730958940e-07 2.239433136370e+00-8.568167686460e-08
     9.295963409850e-01 2.647812500000e+02 6.033761481700e-01-8.473567243800e-09
    -6.357407668690e-11 1.000000000000e+00 2.347000000000e+03 0.000000000000e+00
     2.000000000000e+00 0.000000000000e+00 6.519258022310e-09 4.800000000000e+01
     3.384180000000e+05 4.000000000000e+00                                      
G32 2025 01 02 00 00 00-5.490812473000e-04 6.593836587850e-12 0.000000000000e+00
     4.200000000000e+01-1.263125000000e+02 3.942307070060e-09-2.677912792540e+00
    -6.457790732380e-06 8.258391171690e-03 9.870156645770e-06 5.153778182980e+03
     3.456000000000e+05 1.862645149230e-08 2.214248257010e-01-7.264316082000e-08
     9.640943411650e-01 1.903125000000e+02-2.114064352930e+00-7.538885453410e-09
     1.414344627420e-10 1.000000000000e+00 2.347000000000e+03 0.000000000000e+00
     2.000000000000e+00 0.000000000000e+00 9.313225746150e-10 4.200000000000e+01
     3.384180000000e+05 4.000000000000e+00                                      
G03 2025 01 02 00 00 00 6.375932134690e-04 7.958078640510e-12 0.000000000000e+00
     1.900000000000e+02-7.525000000000e+01 4.138743823860e-09-3.716221611550e-01
    -3.935769200330e-06 5.665602628140e-03 1.402571797370e-06 5.153603384020e+03
     3.456000000000e+05-2.607703208920e-08-8.089143652500e-01 4.656612873080e-08
     9.876244817010e-01 3.646250000000e+02 1.146039914530e+00-8.247486398060e-09
    -2.846547141540e-10 1.000000000000e+00 2.347000000000e+03 0.000000000000e+00
     2.000000000000e+00 0.000000000000e+00 1.396983861920e-09 1.900000000000e+02
     3.384180000000e+05 4.000000000000e+00                                      
G08 2025 01 02 00 00 00 4.519838839770e-04 8.299139153680e-12 0.000000000000e+00
     1.860000000000e+02 5.740625000000e+01 4.517688179850e-09 2.932196556220e+00
     3.008171916010e-06 1.027062453800e-02 1.149438321590e-05 5.153736989970e+03
     3.456000000000e+05-1.341104507450e-07-2.948632149720e+00-5.215406417850e-08
     9.502198154410e-01 1.530000000000e+02 3.967219937720e-01-7.698177802860e-09
    -3.821587755900e-10 1.000000000000e+00 2.347000000000e+03 0.000000000000e+00
     2.000000000000e+00 0.000000000000e+00 4.656612873080e-09 1.860000000000e+02
     3.384180000000e+05 4.000000000000e+00                                      
G02 2025 01 02 00 00 00-2.779327332970e-04 9.094947017730e-12 0.000000000000e+00
     4.100000000000e+01 1.433750000000e+02 4.373753612970e-09 3.060283641870e+00
     7.515773177150e-06 1.654630294070e-02 4.637986421590e-06 5.153686363220e+03
     3.456000000000e+05 1.732259988780e-07-1.948403341400e+00 3.296881914140e-07
     9.664092905290e-01 2.898125000000e+02-1.063245581610e+00-7.913186758850e-09
     1.957224383390e-10 1.000000000000e+00 2.347000000000e+03 0.000000000000e+00
     2.000000000000e+00 0.000000000000e+00-1.769512891770e-08 4.100000000000e+01
     3.384180000000e+05 4.000000000000e+00                                      
G16 2025 01 02 00 00 00-8.830241858960e-05 9.436007530890e-12 0.000000000000e+00
     6.300000000000e+01-2.237500000000e+01 4.879131806850e-09-2.340293575700e+00
    -1.488253474240e-06 1.446211361330e-02 6.154179573060e-06 5.153663938520e+03
     3.456000000000e+05 2.309679985050e-07 2.412646207940e+00-1.154839992520e-07
     9.602495188870e-01 2.566562500000e+02 8.652427824120e-01-7.954974213750e-09
    -2.021512775550e-10 1.000000000000e+00 2.347000000000e+03 0.000000000000e+00
     2.000000000000e+00 0.000000000000e+00-1.071020960810e-08 6.300000000000e+01
     3.384180000000e+05 4.000000000000e+00                                      
G09 2025 01 02 00 00 00 5.118693225090e-04 1.546140993010e-11 0.000000000000e+00
     1.700000000000e+01-1.117187500000e+02 4.130172038240e-09-2.780419509160e+00
    -5.792826414110e-06 3.197057405490e-03 1.061707735060e-05 5.153796346660e+03
     3.456000000000e+05 4.097819328310e-08 2.059482320560e-01-5.587935447690e-09
     9.608045690240e-01 1.759687500000e+02 2.032578793340e+00-7.719607266910e-09
     2.178662178600e-11 1.000000000000e+00 2.347000000000e+03 0.000000000000e+00
     2.000000000000e+00 0.000000000000e+00 9.313225746150e-10 1.700000000000e+01
     3.397380000000e+05 4.000000000000e+00                                      
G14 2025 01 02 00 00 00 5.719400942330e-04 7.389644451910e-12 0.000000000000e+00
     8.800000000000e+01-1.693750000000e+01 5.281291415560e-09-6.949787518090e-01
    -8.512288331990e-07 5.136483698150e-03 6.055459380150e-06 5.153692489620e+03
     3.456000000000e+05 1.117587089540e-07 2.347163678910e+00 3.166496753690e-08
     9.441557932500e-01 2.522500000000e+02-2.864831269180e+00-8.297131323110e-09
    -3.103700710160e-10 1.000000000000e+00 2.347000000000e+03 0.000000000000e+00
     2.000000000000e+00 0.000000000000e+00-7.916241884230e-09 3.440000000000e+02
     3.415380000000e+05 4.000000000000e+00                                      
G30 2025 01 02 00 00 00-2.484037540850e-04 8.299139153680e-12 0.000000000000e+00
     9.700000000000e+01 1.821875000000e+01 5.235932383310e-09-3.925585596400e-03
     1.031905412670e-06 7.241059094670e-03 7.946044206620e-06 5.153748966220e+03
     3.456000000000e+05 3.166496753690e-08 1.275763891410e+00 1.620501279830e-07
     9.351870813810e-01 2.130937500000e+02-2.454496247760e+00-8.376777497830e-09
     6.753852753650e-10 1.000000000000e+00 2.347000000000e+03 0.000000000000e+00
     2.000000000000e+00 0.000000000000e+00 3.725290298460e-09 9.700000000000e+01
     3.447780000000e+05 4.000000000000e+00                                      
G10 2025 01 02 00 00 00-2.590646035969e-04-1.591615728103e-11 0.000000000000e+00
     8.300000000000e+01-6.634375000000e+01 4.046597128442e-09-1.392896706459e+00
    -3.464519977570e-06 1.011613011360e-02 1.000240445137e-06 5.153682910919e+03
     3.456000000000e+05 2.998858690262e-07-8.114389039617e-01-1.676380634308e-08
     9.872477159272e-01 3.733437500000e+02-2.334148570748e+00-8.051049644248e-09
    -2.607251459631e-10 1.000000000000e+00 2.347000000000e+03 0.000000000000e+00
     2.000000000000e+00 0.000000000000e+00 2.328306000000e-09 8.300000000000e+01
     3.413700000000e+05 4.000000000000e+00                                      
G17 2025 01 02 00 00 00 4.932419396937e-04-1.693933882052e-11 0.000000000000e+00
     4.800000000000e+01 8.528125000000e+01 4.146244136282e-09 2.905344886522e+00
     4.546716809273e-06 1.338653417770e-02 1.114234328270e-05 5.153607627869e+03
     3.456000000000e+05 2.961605787277e-07-2.850560003003e+00 8.754432201386e-08
     9.660143611642e-01 1.637187500000e+02-1.246367553240e+00-7.484240320079e-09
    -3.885876148053e-10 1.000000000000e+00 2.347000000000e+03 0.000000000000e+00
     2.000000000000e+00 0.000000000000e+00-1.071021000000e-08 4.800000000000e+01
     3.413400000000e+05 4.000000000000e+00                                      
G19 2025 01 02 00 00 00 5.811327137053e-04 4.661160346586e-12 0.000000000000e+00
     8.000000000000e+01 8.606250000000e+01 4.202675058285e-09-1.507465862907e+00
     4.399567842484e-06 1.001763448585e-02 1.150928437710e-05 5.153606389999e+03
     3.456000000000e+05-5.960464477539e-08-2.806382836493e+00-2.179294824600e-07
     9.652205979065e-01 1.625000000000e+02 2.700232290828e+00-7.776038188917e-09
    -2.360812623036e-10 1.000000000000e+00 2.347000000000e+03 0.000000000000e+00
     2.000000000000e+00 0.000000000000e+00-1.536682000000e-08 8.000000000000e+01
     3.454200000000e+05 4.000000000000e+00                                      
G22 2025 01 02 00 00 00-8.998252451420e-05-2.160049916711e-12 0.000000000000e+00
     5.400000000000e+01-1.287500000000e+01 4.775556063936e-09-2.865030104621e+00
    -5.792826414108e-07 1.350170874503e-02 6.539747118950e-06 5.153667228699e+03
     3.456000000000e+05 5.774199962616e-08 2.415949232657e+00 2.011656761169e-07
     9.596141194370e-01 2.482500000000e+02-1.074236461735e+00-7.773538084778e-09
    -3.507288949806e-10 1.000000000000e+00 2.347000000000e+03 0.000000000000e+00
     2.000000000000e+00 6.300000000000e+01-1.117587000000e-08 5.400000000000e+01
     3.386700000000e+05 4.000000000000e+00                                      
G23 2025 01 02 00 00 00 3.955326974392e-04 7.617018127348e-12 0.000000000000e+00
     1.530000000000e+02-6.215625000000e+01 4.301250592923e-09-2.173074793402e-01
    -3.403052687645e-06 4.989694105461e-03 7.972121238708e-07 5.153628175735e+03
     3.456000000000e+05 6.519258022308e-08-8.414948162996e-01 1.117587089539e-07
     9.823388153147e-01 3.758750000000e+02-2.866393861724e+00-8.347133405897e-09
    -3.082271246112e-10 1.000000000000e+00 2.347000000000e+03 0.000000000000e+00
     2.000000000000e+00 0.000000000000e+00-8.381903000000e-09 9.210000000000e+02
     3.395100000000e+05 4.000000000000e+00                                      
G24 2025 01 02 00 00 00-4.681763239205e-04 3.637978807092e-12 0.000000000000e+00
     3.400000000000e+01-6.562500000000e-01 5.190216193337e-09 1.053635308483e+00
    -2.980232238770e-08 1.641325757373e-02 9.199604392052e-06 5.153688713074e+03
     3.456000000000e+05-2.086162567139e-07 1.177504061073e+00 1.061707735062e-07
     9.338607662036e-01 1.906875000000e+02 1.043087413120e+00-8.452137779750e-09
     5.464513333200e-10 1.000000000000e+00 2.347000000000e+03 0.000000000000e+00
     2.000000000000e+00 0.000000000000e+00 2.328306000000e-09 3.400000000000e+01
     3.384000000000e+05 4.000000000000e+00                                      
G28 2025 01 02 00 00 00-5.244896747172e-04-1.011812855722e-11 0.000000000000e+00
     1.920000000000e+02 6.906250000000e+00 4.457328522767e-09-1.057988864911e+00
     4.880130290985e-07 4.407075466588e-04 8.529052138329e-06 5.153788198471e+03
     3.456000000000e+05 3.352761268616e-08 1.247878019083e+00-3.911554813385e-08
     9.610889485953e-01 2.141250000000e+02 1.420352116601e+00-7.866756253403e-09
     6.643133856047e-10 1.000000000000e+00 2.347000000000e+03 0.000000000000e+00
     2.000000000000e+00 0.000000000000e+00-9.313226000000e-09 7.040000000000e+02
     3.423900000000e+05 4.000000000000e+00                                      
G31 2025 01 02 00 00 00-2.187769860029e-04 7.958078640513e-13 0.000000000000e+00
     1.400000000000e+01 1.487500000000e+01 4.733054293567e-09-8.777615078443e-01
     1.098960638046e-06 1.069943618495e-02 7.748603820801e-06 5.153604591370e+03
     3.456000000000e+05 1.359730958939e-07 1.300884323374e+00 1.229345798492e-07
     9.539101140709e-01 2.230312500000e+02 7.911183618038e-01-8.111766459061e-09
     6.514557071737e-10 1.000000000000e+00 2.347000000000e+03 0.000000000000e+00
     2.000000000000e+00 0.000000000000e+00-1.350418000000e-08 1.400000000000e+01
     3.445500000000e+05 4.000000000000e+00                                      
G18 2025 01 02 00 00 00-6.591626442969e-04 1.023181539495e-12 0.000000000000e+00
     1.500000000000e+02 1.338750000000e+02 4.302322066126e-09 9.004290870114e-01
     7.025897502899e-06 4.798435140401e-03 4.380941390991e-06 5.153719305038e+03
     3.456000000000e+05 2.980232238770e-08-1.844174505408e+00-2.980232238770e-08
     9.740254512468e-01 2.980937500000e+02-2.934773284539e+00-8.204270312218e-09
     1.375057276655e-10 1.000000000000e+00 2.347000000000e+03 0.000000000000e+00
     2.000000000000e+00 0.000000000000e+00-8.381903171539e-09 6.620000000000e+02
     3.384180000000e+05 4.000000000000e+00                                      
G06 2025 01 02 00 00 00-8.838111534710e-05-2.762590156640e-11 0.000000000000e+00
     1.200000000000e+01 1.309375000000e+02 3.923020552410e-09 9.930784963110e-01
     6.670132279400e-06 3.433640697040e-03 3.766268491740e-06 5.153762006760e+03
     3.456000000000e+05 8.381903171540e-08-1.845136063910e+00-5.960464477540e-08
     9.891320948530e-01 3.195625000000e+02-7.310290016980e-01-7.972117784990e-09
     1.878649681870e-10 1.000000000000e+00 2.347000000000e+03 0.000000000000e+00
     2.000000000000e+00 0.000000000000e+00 3.725290298460e-09 1.200000000000e+01
     3.384180000000e+05 4.000000000000e+00                                      
G20 2025 01 02 00 00 00 3.674034960570e-04-3.410605131650e-13 0.000000000000e+00
     1.080000000000e+02-3.640625000000e+01 4.866988443890e-09 1.281726610910e+00
    -1.842156052590e-06 3.831188660120e-03 5.960464477540e-08 5.153669162750e+03
     3.456000000000e+05-9.126961231230e-08-9.958046295230e-01 1.303851604460e-08
     9.566264442680e-01 3.795312500000e+02-2.375310249090e+00-8.633216750990e-09
    -2.325096849620e-10 1.000000000000e+00 2.347000000000e+03 0.000000000000e+00
     2.000000000000e+00 0.000000000000e+00-8.381903171540e-09 1.080000000000e+02
     3.384180000000e+05 4.000000000000e+00                                      
G29 2025 01 02 00 00 00-5.508447065950e-04 3.296918293930e-12 0.000000000000e+00
     1.140000000000e+02 7.343750000000e+01 4.180174121030e-09 2.868606635040e+00
     3.864988684650e-06 2.884564572010e-03 1.174584031110e-05 5.153729223250e+03
     3.456000000000e+05-5.401670932770e-08-2.834984899380e+00 4.284083843230e-08
     9.685214077640e-01 1.580937500000e+02 2.645492340840e+00-7.657818978900e-09
    -3.496574217780e-10 1.000000000000e+00 2.347000000000e+03 0.000000000000e+00
     2.000000000000e+00 0.000000000000e+00-9.778887033460e-09 1.140000000000e+02
     3.384180000000e+05 4.000000000000e+00                                      
G11 2025 01 02 00 00 00-7.525100372730e-04 4.547473508860e-13 0.000000000000e+00
     1.790000000000e+02 1.347187500000e+02 4.445899475270e-09 2.037030255560e+00
     6.908550858500e-06 1.752889598720e-03 3.697350621220e-06 5.153595249180e+03
     3.456000000000e+05-3.539025783540e-08-1.816946540990e+00-4.284083843230e-08
     9.658014890290e-01 3.119062500000e+02-2.347173021110e+00-8.236057350560e-09
     2.135803250490e-10 1.000000000000e+00 2.347000000000e+03 0.000000000000e+00
     2.000000000000e+00 0.000000000000e+00-8.847564458850e-09 1.790000000000e+02
     3.384180000000e+05 4.000000000000e+00                                      
G12 2025 01 02 00 00 00-5.619791336360e-04-2.273736754430e-12 0.000000000000e+00
     1.300000000000e+01-1.112500000000e+01 4.985921969380e-09-5.603203698100e-01
    -6.090849637990e-07 8.988451329060e-03 6.616115570070e-06 5.153756309510e+03
     3.456000000000e+05-7.450580596920e-08 2.395056717330e+00 8.940696716310e-08
     9.608733437290e-01 2.592500000000e+02 1.464291153700e+00-8.208199047290e-09
    -2.778687172050e-10 1.000000000000e+00 2.347000000000e+03 0.000000000000e+00
     2.000000000000e+00 0.000000000000e+00-1.257285475730e-08 1.300000000000e+01
     3.384180000000e+05 4.000000000000e+00                                      
G15 2025 01 02 00 00 00 2.466817386450e-04 4.547473508860e-12 0.000000000000e+00
     9.000000000000e+00-1.524375000000e+02 4.620192449560e-09 1.922843792630e+00
    -8.093193173410e-06 1.611739327200e-02 8.733943104740e-06 5.153753147130e+03
     3.456000000000e+05 1.378357410430e-07 7.252172363230e-02-3.594905138020e-07
     9.380377162360e-01 2.004375000000e+02 1.386872598520e+00-8.037477650350e-09
    -3.964450849580e-11 1.000000000000e+00 2.347000000000e+03 0.000000000000e+00
     2.000000000000e+00 0.000000000000e+00-1.024454832080e-08 9.000000000000e+00
     3.384180000000e+05 4.000000000000e+00                                      
G13 2025 01 02 00 00 00 6.920779123900e-04 1.250555214940e-12 0.000000000000e+00
     1.330000000000e+02-1.184062500000e+02 3.771942830840e-09 2.650968136840e+00
    -6.059184670450e-06 8.811913197860e-03 1.171976327900e-05 5.153692230220e+03
     3.456000000000e+05 5.587935447690e-08 3.750390901350e-01-8.381903171540e-08
     9.731869387880e-01 1.577812500000e+02 9.703280501500e-01-7.459239278690e-09
     2.503675716710e-10 1.000000000000e+00 2.347000000000e+03 0.000000000000e+00
     2.000000000000e+00 0.000000000000e+00-1.117587089540e-08 1.330000000000e+02
     3.384180000000e+05 4.000000000000e+00                                      
G05 2025 01 02 00 00 00-1.977863721550e-04-1.136868377220e-12 0.000000000000e+00
     5.200000000000e+01-6.646875000000e+01 4.453756945430e-09-3.014969176520e+00
    -3.384426236150e-06 5.601034034040e-03 2.607703208920e-07 5.153725460050e+03
     3.456000000000e+05 4.284083843230e-08-8.631178778100e-01 7.450580596920e-09
     9.744506995890e-01 3.830000000000e+02 1.329937430240e+00-8.286059433350e-09
    -2.325096849620e-10 1.000000000000e+00 2.347000000000e+03 0.000000000000e+00
     2.000000000000e+00 0.000000000000e+00-1.071020960810e-08 5.200000000000e+01
     3.384180000000e+05 4.000000000000e+00                                      
